StateIndex,SetSpotlight=OFF,SetSpotlight=ON,SetZ1Blinds=OFF,SetZ1Blinds=ON,SetZ1Light=OFF,SetZ1Light=ON,SetZ2Blinds=OFF,SetZ2Blinds=ON,SetZ2Light=OFF,SetZ2Light=ON,SetSpotlightCD=OFF,SetSpotlightCD=ON,SetZ3Blinds=OFF,SetZ3Blinds=ON,SetZ3Light=OFF,SetZ3Light=ON,SetZ4Blinds=OFF,SetZ4Blinds=ON,SetZ4Light=OFF,SetZ4Light=ON,DO_NOTHING,TotalVisits
3,1,0,0,0,1,0,0,0,0,0,0,0,0,0,0,0,0,1,1,0,0,4
5,0,0,1,0,0,0,0,0,0,0,0,0,0,1,0,0,0,0,0,0,1,3
17,0,0,0,0,0,0,0,0,0,1,0,0,1,0,0,0,0,0,0,0,0,2
48,0,1,0,0,0,0,0,0,0,0,0,0,0,0,0,0,0,0,0,0,0,1
5133,0,0,0,18,0,1,0,0,0,0,0,0,0,0,0,0,0,0,0,0,2,21
10241,1,0,0,0,0,0,0,0,0,0,0,0,0,0,1,1,0,0,0,0,0,3
10242,0,0,0,0,1,0,0,0,1,0,0,0,0,0,1,0,0,0,0,0,0,3
10244,0,0,0,0,0,0,0,0,0,0,0,0,0,0,0,1,0,0,0,0,0,1
10245,0,0,0,0,0,0,0,0,0,0,1,1,0,0,0,0,0,0,0,0,1,3
10249,0,0,1,0,0,0,0,0,0,0,0,0,0,0,0,0,0,0,10,0,1,12
10252,0,0,0,0,0,1,0,0,1,0,0,0,0,0,1,0,0,0,0,0,1,4
10253,0,0,0,1,0,0,0,0,0,0,0,0,0,0,0,0,0,0,0,0,0,1
10264,0,0,0,0,0,0,0,0,0,0,0,0,0,0,0,1,0,0,0,0,0,1
10273,0,0,0,1,1,1,0,0,0,0,0,0,0,0,0,0,0,0,0,0,0,3
10280,0,2,0,0,0,0,0,0,0,0,0,0,0,0,0,0,0,0,0,0,0,2
17429,0,0,0,0,0,0,0,0,0,0,0,0,0,1,0,0,0,0,0,0,0,1
20505,0,0,1,1,0,15,0,0,0,0,0,0,1,0,0,0,0,0,0,0,0,18
26645,0,0,0,0,0,0,0,0,0,0,0,0,1,0,0,0,0,0,0,0,0,1
26649,0,0,0,0,0,0,0,0,0,0,0,0,0,0,0,2,0,0,0,0,0,2
66597,0,0,0,0,0,0,0,0,0,0,1,0,0,0,0,0,0,0,0,1,0,2
69673,0,0,0,0,0,0,0,0,0,0,0,1,0,0,0,0,0,0,0,0,0,1
75813,0,0,0,1,0,0,0,0,0,0,0,1,0,0,0,0,0,17,0,0,0,19
75817,1,0,1,0,1,0,0,0,0,0,0,0,0,0,0,0,4,0,0,0,0,7
81969,0,0,0,0,0,0,0,0,0,0,0,0,0,2,0,0,0,0,0,0,0,2
87046,0,0,0,0,0,1,0,0,0,0,0,0,0,0,0,0,0,0,0,0,0,1
87050,1,0,1,0,0,1,0,0,0,0,0,0,0,0,0,0,0,0,0,0,0,3
87069,0,0,0,0,0,17,0,1,0,0,0,1,1,0,0,0,0,0,0,0,0,20
87072,1,0,0,1,1,0,1,0,1,2,0,0,1,0,1,0,0,0,0,0,1,10
87076,0,0,0,0,0,0,0,0,0,0,0,1,0,0,0,0,0,0,0,0,0,1
87085,0,0,1,0,0,14,1,0,0,1,0,0,1,1,0,0,0,1,0,0,0,20
87097,1,0,0,1,1,1,1,0,0,0,0,0,1,1,1,0,1,1,1,0,0,11
87101,0,0,0,0,1,2,0,0,1,0,0,0,0,0,0,0,0,0,1,0,0,5
88069,0,0,0,0,0,0,0,0,0,0,0,1,0,0,0,0,0,0,0,0,0,1
89154,1,0,1,0,1,0,0,0,0,0,0,1,0,0,0,0,0,0,0,1,0,5
89158,0,0,0,0,0,0,0,0,1,0,1,0,0,0,0,0,0,1,1,1,0,5
89173,0,1,0,0,0,0,0,0,0,0,0,0,0,0,0,0,0,0,0,0,1,2
89177,1,1,1,0,0,0,0,0,0,0,1,0,0,0,0,0,0,0,0,0,0,4
89181,0,0,0,0,0,0,0,0,0,0,0,0,0,0,0,0,1,0,0,0,0,1
89184,0,0,0,0,0,0,0,0,0,0,0,17,1,0,0,0,0,0,0,0,0,18
89189,0,0,0,0,0,0,0,0,1,0,0,0,0,0,0,2,0,0,0,0,1,4
89192,0,0,0,0,1,0,0,1,0,0,0,0,0,0,1,0,0,0,0,0,0,3
89201,0,0,0,0,0,0,0,0,0,1,0,0,0,0,0,0,0,0,0,0,0,1
89205,0,1,0,1,0,0,0,0,0,0,0,0,0,0,1,0,0,0,0,0,0,3
89208,0,0,0,0,0,0,0,0,0,0,0,0,0,0,0,0,0,1,0,0,0,1
89209,0,0,0,0,0,0,0,0,0,0,0,0,1,0,0,0,0,0,0,0,0,1
89212,0,0,0,1,0,0,0,1,0,0,0,0,0,0,0,0,0,1,0,0,0,3
92174,2,0,0,0,0,0,0,0,0,0,0,0,0,0,0,0,0,0,0,3,0,5
92189,0,0,0,0,0,0,0,0,0,0,0,0,0,0,0,0,1,0,0,0,0,1
92194,0,0,1,0,0,0,0,0,0,0,0,0,0,0,0,0,0,0,0,0,0,1
92205,0,0,1,0,0,0,0,0,0,1,0,0,0,1,0,0,0,0,0,0,0,3
92209,0,0,0,0,0,0,0,0,1,0,0,0,0,0,0,0,0,0,7,0,0,8
92217,1,0,0,0,0,0,0,0,0,0,0,0,1,0,0,0,0,0,0,0,0,2
93248,0,0,0,0,0,2,0,0,0,0,0,0,0,0,0,0,0,0,0,0,0,2
93250,0,0,0,0,0,1,0,0,0,0,0,0,0,0,0,0,0,0,0,0,0,1
93251,0,0,0,0,0,0,0,0,0,0,0,0,0,0,0,1,0,0,0,0,0,1
93252,0,0,0,0,0,0,0,0,0,0,0,0,0,0,1,0,0,1,0,0,0,2
93256,0,0,0,0,0,0,0,0,0,0,0,0,0,0,0,1,0,0,0,0,0,1
93260,0,0,1,0,0,0,0,0,1,1,0,0,1,0,1,0,0,0,0,0,1,6
93264,0,0,0,0,0,0,0,0,0,0,0,0,0,0,0,0,0,1,0,0,0,1
93268,0,0,0,0,0,0,0,0,0,0,0,0,1,0,0,1,0,0,0,0,0,2
93280,1,0,0,0,0,16,0,0,1,0,0,0,0,1,0,0,0,0,0,0,0,19
93288,0,0,1,0,0,0,0,0,0,1,0,0,0,0,0,0,0,0,1,1,1,5
93292,0,0,1,0,0,0,0,0,0,0,0,0,0,0,0,0,0,0,0,0,0,1
95360,0,0,0,0,0,0,0,0,0,0,0,1,0,0,0,0,0,0,0,0,0,1
95365,1,0,0,0,0,0,0,1,0,0,0,0,0,0,0,0,0,0,0,0,0,2
95369,0,0,0,0,0,0,0,0,1,1,0,0,0,0,0,0,0,0,0,0,0,2
95373,0,0,0,0,0,0,0,0,0,0,0,0,1,0,0,0,0,0,0,0,0,1
95385,0,0,0,0,1,0,0,0,0,1,0,0,0,0,0,3,0,0,0,0,0,5
95405,0,0,1,0,0,0,0,0,1,0,0,0,0,0,0,6,0,0,0,0,0,8
96384,0,0,0,0,0,1,0,0,0,0,0,0,0,0,0,0,0,0,0,0,0,1
96385,0,0,0,0,1,0,1,0,1,0,0,0,0,0,0,9,1,0,0,0,0,13
96388,0,0,0,0,0,0,0,0,0,1,0,0,0,0,0,0,0,0,0,0,0,1
96392,0,0,0,0,0,0,0,1,0,0,0,0,0,4,0,0,0,0,0,0,0,5
96396,0,0,1,0,1,0,0,0,0,0,0,0,0,1,1,0,0,0,0,0,0,4
96408,0,0,0,0,0,0,0,0,0,0,0,0,0,0,0,0,0,2,0,0,0,2
96409,0,0,0,0,0,0,0,0,0,0,0,0,0,0,1,15,0,0,0,0,0,16
96412,0,0,0,0,0,2,0,0,0,0,0,0,0,0,0,0,0,0,0,0,0,2
96416,0,0,0,0,0,0,0,0,0,1,0,0,0,0,0,0,0,0,0,0,0,1
96424,0,1,1,2,2,0,2,1,1,0,0,3,1,256,1,3,1,1,1,0,2,279
96428,0,0,1,0,0,0,0,0,0,0,0,0,0,0,0,0,17,0,0,0,0,18
96440,0,1,0,0,0,0,0,0,0,0,0,0,0,0,0,0,0,0,0,0,0,1
97284,0,0,0,0,0,0,0,0,0,0,0,0,0,0,0,0,0,0,0,1,0,1
97285,0,0,0,0,0,0,0,0,0,2,0,0,0,0,0,0,0,0,0,0,0,2
97292,1,0,0,0,0,0,0,0,0,0,0,0,0,0,0,1,0,0,0,0,0,2
97300,0,0,0,0,0,3,0,0,0,0,0,0,0,0,0,0,0,0,0,0,0,3
97316,0,0,0,1,0,0,0,0,0,0,1,0,0,0,0,2,0,0,0,0,0,4
97332,0,0,0,0,0,0,1,0,0,0,0,0,0,0,0,0,0,0,0,0,0,1
97373,0,0,0,0,0,0,0,0,0,0,1,0,0,0,0,0,0,0,0,0,0,1
97472,0,0,0,0,0,0,0,0,0,0,0,0,0,0,1,0,0,0,0,0,0,1
97474,0,0,0,0,0,0,0,0,0,2,0,0,0,2,1,0,0,0,0,0,0,5
97475,0,0,0,0,0,0,0,0,0,1,0,0,6,0,0,0,0,0,0,0,0,7
97477,0,1,0,0,0,0,0,0,0,0,0,0,0,0,0,0,0,0,0,1,0,2
97478,0,0,1,0,0,0,0,0,0,0,0,0,0,0,1,0,0,0,0,0,0,2
97480,0,0,0,0,0,0,0,0,0,0,0,0,0,0,0,0,0,0,1,0,0,1
97482,0,0,1,0,0,0,0,0,0,0,1,0,5,0,0,0,0,0,0,0,1,8
97488,0,1,0,0,0,0,0,0,0,0,0,0,0,0,0,0,0,0,0,0,0,1
97492,0,0,0,0,0,0,0,0,0,0,0,0,16,0,0,0,0,0,0,0,0,16
97493,0,0,0,0,0,0,1,0,0,0,0,0,0,0,0,0,0,0,0,0,0,1
97496,0,1,0,0,1,0,0,0,0,0,0,0,0,0,0,0,0,0,0,0,1,3
97497,0,0,0,0,0,0,0,0,0,0,0,0,0,0,0,0,0,0,1,0,0,1
97504,0,0,0,1,0,1,0,0,0,0,1,0,0,0,0,0,1,0,0,0,0,4
97509,1,2,0,0,1,0,0,0,0,0,0,0,0,0,1,0,0,1,0,2,0,8
97512,0,0,0,0,0,0,0,0,0,0,0,0,0,0,1,0,0,0,0,0,0,1
97532,0,0,0,0,0,0,0,0,0,0,0,0,0,0,0,19,0,0,0,0,0,19
104470,1,0,0,0,0,0,0,0,3,0,0,0,0,0,0,0,0,0,0,0,0,4
109650,0,0,0,0,0,1,0,0,0,0,0,0,1,0,0,0,0,0,0,0,0,2
113874,0,0,0,0,0,0,0,0,0,0,0,0,0,0,0,0,0,2,0,0,0,2
120064,0,0,0,0,0,0,0,0,0,1,0,1,0,0,0,0,0,0,0,0,0,2
120066,1,0,0,0,0,0,0,0,0,0,0,0,0,0,0,0,0,0,0,0,1,2
120081,0,0,0,0,0,0,0,0,0,0,0,0,0,0,0,2,0,0,0,0,0,2
120084,0,0,0,0,0,1,0,0,0,0,0,0,0,0,1,0,0,0,0,0,0,2
120089,0,0,0,0,0,0,0,0,0,0,0,0,0,0,0,2,0,0,0,0,0,2
120096,0,0,0,0,0,1,0,0,0,0,0,0,0,0,0,0,0,0,0,0,0,1
120109,0,0,0,0,0,0,0,0,0,0,0,0,0,0,0,1,0,0,0,0,0,1
120113,0,0,1,0,1,0,0,1,1,1,1,13,0,1,1,0,1,1,0,0,2,25
120117,0,0,0,1,0,0,0,1,0,0,0,0,0,1,0,0,0,0,0,0,1,4
120121,0,0,0,0,0,0,0,0,1,0,0,0,0,0,0,0,0,0,0,0,0,1
120125,1,0,0,0,0,0,0,0,1,0,0,0,0,0,0,0,0,0,1,0,0,3
122177,0,0,0,0,0,0,0,0,0,0,0,0,0,0,0,1,0,0,0,0,0,1
122185,0,0,0,0,0,0,0,0,0,0,0,0,1,0,0,0,0,0,0,0,0,1
122197,0,0,0,1,0,0,0,0,0,0,0,0,0,0,0,0,0,0,0,0,0,1
122201,0,0,0,0,0,0,1,0,0,0,0,0,0,0,0,0,0,0,0,0,0,1
122208,1,0,0,0,0,0,0,0,0,0,0,0,0,1,0,0,0,0,0,0,0,2
122216,1,0,0,0,0,0,0,0,0,0,0,1,0,0,0,0,1,0,0,0,1,4
122225,0,0,0,0,0,0,0,0,0,0,1,0,1,0,0,0,0,0,0,0,0,2
125184,0,0,0,0,0,0,0,0,0,0,1,0,0,0,0,0,0,2,0,0,0,3
125187,0,0,0,0,0,0,0,1,0,0,0,0,0,0,0,0,0,0,0,0,0,1
125188,1,0,0,0,0,0,0,1,1,0,0,0,0,0,1,0,0,0,0,0,0,4
125197,0,0,0,0,0,0,0,1,0,0,0,0,0,0,0,0,0,0,0,0,0,1
125200,0,0,0,0,0,0,0,0,0,0,0,0,0,0,0,2,0,0,0,0,0,2
125204,0,0,0,0,0,0,0,0,0,0,0,1,0,1,1,0,0,0,0,0,0,3
125208,0,0,1,0,0,0,0,0,1,0,0,0,1,0,0,0,0,14,0,0,1,18
125209,0,0,0,1,0,0,0,1,0,0,1,1,0,0,0,1,0,0,0,0,1,6
125212,0,0,0,0,1,0,0,0,0,1,0,0,0,0,0,14,0,0,0,0,0,16
125216,0,0,1,0,0,0,1,0,0,0,0,0,1,0,0,0,0,0,12,0,0,15
125217,0,1,0,0,0,0,0,0,1,0,0,1,0,0,0,0,10,0,0,0,0,13
125233,0,0,0,0,0,0,1,0,0,0,0,0,0,12,0,0,0,1,0,0,2,16
126261,0,1,0,0,0,0,0,0,0,0,0,0,0,0,0,0,0,0,0,0,0,1
126272,0,0,0,0,0,0,0,0,0,0,0,0,0,0,0,0,0,0,1,0,0,1
126273,0,0,0,0,0,0,0,1,0,0,0,0,0,0,0,0,0,0,0,0,0,1
126276,1,0,0,0,0,0,0,1,0,1,0,0,0,1,0,0,0,0,0,0,0,4
126280,0,0,0,0,0,0,0,0,0,0,0,0,1,0,0,0,0,0,0,0,0,1
126284,0,0,0,0,0,2,0,0,0,0,0,0,0,0,0,0,0,0,0,0,0,2
126288,0,0,0,0,0,0,0,0,0,0,0,0,0,0,0,0,0,0,1,0,0,1
126289,0,0,0,0,0,0,0,1,0,0,0,0,0,0,1,1,0,0,0,0,0,3
126292,1,0,0,0,0,1,0,1,0,0,0,0,0,0,0,0,0,0,0,2,0,5
126296,0,0,0,1,0,0,0,0,0,0,0,0,0,0,1,0,0,0,0,0,0,2
126305,0,0,0,1,0,0,0,0,0,0,0,0,0,0,0,0,0,0,1,0,0,2
126312,0,0,1,0,1,0,0,0,1,0,1,0,0,0,0,0,0,0,0,0,0,4
126320,1,0,0,0,1,0,0,0,0,0,0,0,0,0,0,1,0,0,0,0,0,3
126328,0,0,0,0,0,0,0,0,0,0,0,0,1,0,0,0,0,0,0,0,0,1
128393,0,0,0,0,0,0,0,1,0,0,0,0,0,0,0,0,0,0,0,0,1,2
128401,0,2,0,0,0,0,0,0,0,0,0,0,0,0,0,0,0,0,0,0,0,2
128402,1,0,2,1,0,0,0,0,0,0,0,0,16,0,0,0,0,0,0,0,0,20
128404,0,0,1,0,0,0,0,0,0,0,0,0,0,0,1,0,0,0,0,0,0,2
128409,0,0,0,0,0,0,0,0,0,0,0,0,0,0,1,0,0,0,0,2,1,4
128433,0,0,0,0,0,0,0,0,0,0,0,0,0,0,0,0,0,0,0,1,0,1
129337,0,0,2,0,1,1,0,0,1,0,0,144,1,0,1,1,1,0,0,0,0,153
129411,0,0,0,1,0,0,0,0,0,0,0,0,0,0,0,0,0,0,0,0,1,2
129412,0,0,0,0,1,0,0,0,0,0,0,0,0,0,0,0,0,0,0,1,0,2
129420,0,0,0,0,0,3,0,0,0,0,0,0,0,0,0,0,0,0,0,0,0,3
129424,0,2,0,0,0,0,0,1,0,0,0,0,1,0,0,0,0,5,0,0,0,9
129425,0,15,0,0,0,0,0,0,0,0,0,0,0,0,0,0,0,1,0,0,0,16
129428,0,0,0,0,0,0,0,0,0,0,0,0,0,0,0,0,6,0,0,1,0,7
129436,0,1,0,0,0,1,3,0,0,1,0,0,1,0,0,1,0,0,152,0,0,160
129441,0,0,0,0,0,0,0,0,0,0,0,0,0,0,0,0,0,0,0,1,0,1
130333,0,0,0,0,0,0,0,0,0,0,0,0,0,0,0,1,0,0,0,0,0,1
130349,0,0,0,0,0,0,0,0,0,0,0,0,0,0,0,1,0,0,0,0,0,1
130377,0,0,1,1,1,0,0,0,0,0,0,0,0,0,0,0,0,0,0,0,0,3
130381,2,2,2,1,2,0,3,0,0,2,0,1,0,239,1,0,1,1,1,1,0,259
130409,1,0,0,0,0,0,1,0,0,0,0,0,0,0,0,1,0,0,0,0,0,3
130438,0,3,0,0,0,0,0,0,0,0,0,0,0,0,0,0,0,0,0,0,1,4
130453,0,0,0,0,0,0,0,0,0,0,0,0,0,0,0,0,0,0,0,1,0,1
130457,0,0,0,0,0,0,0,0,0,0,0,0,0,0,0,0,0,1,0,0,0,1
130461,0,0,0,3,0,0,0,0,0,0,0,0,0,0,0,0,0,0,0,0,0,3
130473,0,0,0,0,0,0,0,0,0,0,0,0,1,0,0,0,0,0,0,0,0,1
130497,1,0,0,0,0,2,0,0,0,0,0,0,0,0,0,0,0,0,0,0,0,3
130498,0,0,0,0,1,3,1,0,0,0,0,0,0,0,0,0,0,0,0,0,0,5
130499,0,0,0,0,0,0,0,0,0,0,0,0,0,0,0,0,0,0,1,0,0,1
130500,0,0,1,0,0,0,1,0,0,0,0,1,0,0,0,0,0,0,0,1,0,4
130505,0,0,0,0,0,0,0,1,0,0,1,0,0,0,0,0,0,0,0,0,0,2
130512,0,0,0,0,0,0,0,0,0,1,0,0,0,0,0,0,0,1,0,1,0,3
130513,0,0,1,0,0,0,0,0,0,0,0,0,0,0,0,3,0,0,0,0,0,4
130516,1,0,0,0,0,0,0,0,0,1,1,0,0,0,0,0,0,0,2,0,0,5
130520,0,0,0,0,0,0,0,0,0,0,0,0,0,0,1,0,0,0,0,0,0,1
156714,0,0,1,0,0,0,0,0,0,0,0,0,0,0,0,0,0,0,0,0,0,1
162858,2,0,0,0,0,0,0,0,0,0,0,0,0,0,0,2,0,0,0,0,1,5
163843,0,0,0,0,0,0,0,0,0,0,0,0,0,0,0,2,0,0,0,0,0,2
163845,0,0,0,0,0,0,0,1,0,0,0,0,0,0,0,0,0,0,1,0,0,2
163852,0,0,0,0,0,0,0,0,0,0,0,1,0,0,0,0,0,0,1,0,0,2
163860,0,0,0,0,0,0,0,0,0,0,0,0,0,0,0,0,0,0,0,2,0,2
163872,0,0,0,0,0,0,0,0,0,0,0,1,0,0,0,0,0,0,0,0,0,1
163873,0,0,0,0,1,1,1,0,7,0,0,0,0,0,0,0,0,0,0,0,1,11
163888,1,1,0,1,1,0,0,0,0,1,0,0,0,0,0,0,0,0,0,0,0,5
164885,0,0,0,0,0,1,0,0,0,0,1,0,0,0,0,0,0,0,0,0,0,2
164901,0,0,1,0,0,0,0,0,0,0,0,0,0,0,0,0,0,0,0,0,1,2
171077,0,0,0,0,0,0,0,0,0,0,0,0,1,2,0,0,0,0,0,0,0,3
171085,0,0,0,0,0,0,0,0,0,0,0,0,0,0,0,3,0,0,0,0,0,3
171089,0,1,0,1,0,0,0,0,0,0,0,0,1,0,0,0,1,0,0,0,0,4
171092,0,1,0,1,0,0,0,0,11,0,1,0,0,0,0,0,0,0,1,1,0,16
171093,1,0,1,1,0,0,2,0,0,0,0,12,1,1,1,0,1,0,0,0,1,22
171097,0,0,0,0,0,0,1,0,0,0,0,0,0,0,0,0,0,0,0,0,0,1
171108,0,0,0,0,0,0,8,0,1,0,0,0,0,0,0,0,0,0,0,0,1,10
171116,0,1,0,0,0,0,0,0,0,0,0,0,0,1,0,1,0,0,0,0,0,3
171121,0,0,0,0,0,0,0,0,0,0,0,0,0,0,0,0,0,1,0,0,0,1
171124,0,0,0,0,0,0,0,6,0,0,0,0,0,0,0,0,0,0,0,0,0,6
171128,0,0,0,0,0,0,0,0,0,0,0,0,0,0,1,1,0,0,0,0,0,2
171132,0,0,0,0,0,0,0,0,0,0,0,0,0,0,1,0,1,0,0,0,0,2
174081,1,0,0,0,0,0,0,0,0,0,0,0,0,0,0,0,0,1,0,0,0,2
174082,0,1,0,0,0,0,0,0,0,0,0,0,0,0,0,0,0,0,0,0,0,1
174083,0,0,0,0,0,14,0,2,0,0,1,1,1,0,1,0,0,0,0,1,0,21
174084,0,0,0,0,0,0,0,16,0,0,0,0,0,0,0,0,0,0,0,0,0,16
174085,1,0,1,0,0,0,0,0,0,0,0,1,0,0,0,0,2,0,0,1,0,6
174087,0,0,0,0,0,0,0,0,0,0,0,0,0,1,0,0,0,0,0,0,0,1
174088,0,0,0,0,0,0,0,0,8,0,0,0,0,0,0,0,0,0,0,0,0,8
174092,0,0,0,0,0,0,0,0,0,0,0,0,1,0,0,0,0,0,0,0,0,1
174093,0,0,0,0,1,0,13,0,0,0,0,0,0,1,0,0,0,0,1,0,0,16
174096,0,0,0,0,0,0,0,2,0,0,0,0,0,0,1,0,0,0,0,0,1,4
174099,0,0,0,0,0,0,1,0,0,0,0,0,1,0,0,0,1,0,6,0,0,9
174100,0,0,0,0,1,1,0,0,0,0,1,0,0,0,0,17,0,0,0,0,0,20
174105,0,0,0,0,0,0,0,0,0,0,1,0,0,0,0,0,0,0,0,0,1,2
174106,0,0,0,0,0,0,0,0,0,0,0,0,0,0,4,0,0,0,0,1,0,5
174112,0,0,0,0,0,0,0,17,0,0,1,0,0,0,0,0,0,0,0,0,0,18
174113,0,0,1,0,0,15,0,0,0,0,0,1,0,0,0,0,4,0,0,0,0,21
174115,0,0,0,0,0,0,0,0,0,0,0,0,0,0,0,0,0,0,16,0,0,16
174117,1,0,0,0,1,16,0,0,0,0,0,0,0,0,0,1,0,1,0,0,0,20
174120,0,1,0,0,0,0,0,0,1,0,0,0,1,0,0,18,1,1,0,0,1,24
174124,0,0,0,1,0,0,1,0,0,0,0,0,0,0,0,0,0,0,14,0,0,16
174128,1,0,0,0,0,0,13,0,0,0,1,0,0,1,1,0,0,0,0,0,0,17
174133,0,0,0,1,0,0,0,0,0,0,0,0,0,0,0,0,0,9,0,0,0,10
174136,0,0,0,0,0,0,0,0,0,0,0,0,0,0,0,0,0,0,11,0,0,11
174141,1,0,0,0,0,0,0,0,3,0,0,0,0,0,0,0,0,0,0,0,0,4
175110,0,0,0,0,0,0,0,0,0,0,0,0,0,1,0,0,0,0,0,0,0,1
175168,0,0,0,0,0,0,0,0,0,0,0,0,0,0,0,1,0,0,0,0,0,1
175170,0,0,0,0,0,0,0,0,0,0,0,0,0,0,0,0,0,1,0,0,0,1
175171,1,1,0,0,1,0,0,0,4,0,0,0,0,1,0,0,0,0,0,0,0,8
175172,0,0,0,0,0,0,0,0,0,1,0,0,1,1,1,0,0,0,15,0,0,19
175173,0,0,0,0,0,0,0,0,0,0,0,0,0,0,0,0,0,0,1,0,0,1
175174,0,0,0,0,0,0,0,1,0,0,0,0,0,0,0,0,0,0,0,0,0,1
175176,0,0,0,0,0,0,0,0,0,0,0,0,0,1,0,0,0,0,1,0,0,2
175177,0,0,0,0,0,0,2,0,0,0,1,0,0,0,0,0,0,0,0,1,0,4
175178,0,0,1,0,0,14,0,0,8,0,0,0,0,1,0,0,0,3,0,0,0,27
175180,1,0,0,0,0,0,0,0,0,0,0,1,0,0,0,0,0,0,0,0,0,2
175181,0,0,0,0,0,0,0,0,0,0,0,0,0,0,0,0,1,0,0,0,0,1
175182,0,0,0,0,0,5,0,0,0,0,1,0,0,0,0,0,0,0,0,0,0,6
175184,0,0,0,0,0,0,0,0,0,0,0,0,0,0,0,0,0,0,1,0,0,1
175185,0,0,0,0,0,0,0,0,0,0,0,1,0,0,0,0,0,0,0,0,0,1
175188,0,0,0,0,0,0,0,0,0,0,0,1,0,0,0,0,0,1,1,0,0,3
175189,0,0,1,0,0,12,0,0,0,0,1,0,0,0,2,1,0,0,0,1,0,18
175197,0,0,0,0,0,0,0,5,0,1,0,15,1,0,0,0,0,0,0,0,0,22
175201,0,0,0,0,0,0,0,0,2,1,0,0,0,0,0,0,0,0,0,0,0,3
175208,0,0,1,1,0,0,3,0,0,0,0,0,0,0,0,0,0,0,0,1,0,6
175212,1,0,0,0,0,0,0,0,1,0,0,0,0,1,0,0,0,0,0,0,0,3
175216,0,0,0,1,0,0,0,0,0,0,0,0,0,1,0,0,0,0,0,0,0,2
175218,0,0,0,0,0,0,0,0,0,0,0,0,0,0,0,1,0,0,0,0,0,1
175220,0,0,0,0,0,0,0,0,0,0,0,0,0,1,0,0,0,0,0,0,0,1
175226,0,1,0,0,0,0,0,0,0,1,1,0,1,0,0,16,1,0,0,0,0,21
175228,0,0,0,0,0,0,1,0,0,0,0,0,0,0,0,0,0,0,0,0,0,1
177280,1,0,1,0,0,0,0,0,0,0,0,0,0,0,0,0,0,0,0,0,0,2
177283,0,0,0,0,0,0,0,0,0,0,0,2,0,0,0,0,0,0,0,0,0,2
177284,0,0,0,0,0,0,0,0,0,0,0,0,0,1,0,0,0,0,0,0,0,1
177285,0,0,0,0,0,0,0,1,0,0,0,0,0,1,0,0,0,0,0,0,0,2
177292,1,0,0,0,0,0,0,0,0,0,0,0,0,0,0,0,0,0,0,0,0,1
177293,0,0,0,0,0,0,1,0,0,0,0,0,0,0,0,13,0,1,0,0,0,15
177297,0,0,1,0,0,0,0,0,0,0,0,0,0,0,0,0,0,0,0,0,0,1
177300,0,0,0,0,1,0,0,0,0,0,0,0,0,0,0,0,0,0,0,1,0,2
177301,0,0,0,0,0,0,0,0,0,0,0,0,0,1,0,0,0,0,0,0,0,1
177305,0,0,0,0,0,0,0,0,0,0,0,0,1,0,0,0,0,0,0,0,0,1
177313,0,0,0,0,0,0,0,1,0,0,0,0,0,0,0,0,0,0,0,0,0,1
177317,0,0,0,0,0,0,0,0,0,0,0,0,0,0,0,0,1,0,0,0,0,1
177329,0,0,0,0,0,0,0,0,0,0,0,0,0,0,0,8,0,0,0,0,0,8
178186,0,2,1,1,0,0,225,3,1,2,0,1,0,2,0,2,0,0,1,3,1,245
178307,0,0,0,0,0,0,0,0,0,0,0,0,0,1,1,0,0,0,0,0,0,2
178309,1,1,0,2,0,0,0,2,226,1,1,0,0,1,2,1,0,0,1,0,1,240
178310,0,0,0,0,0,0,0,0,0,0,0,0,0,0,0,0,0,1,0,0,0,1
178314,1,1,0,0,0,0,0,0,0,0,0,0,0,22,0,0,0,0,0,0,0,24
178317,0,0,0,0,0,0,0,0,0,0,0,0,0,0,1,0,0,0,0,0,0,1
178321,0,0,0,0,0,0,0,0,0,0,0,0,0,0,1,0,0,0,0,0,0,1
178322,0,0,0,0,0,0,0,0,1,0,0,0,0,0,0,0,12,0,0,0,0,13
178324,0,0,1,1,0,1,0,1,2,0,1,1,1,1,2,1,0,177,0,1,1,192
178325,9,0,0,1,0,0,0,0,0,0,0,0,0,0,0,0,0,0,0,0,0,10
178332,0,0,0,0,0,0,0,0,0,0,0,0,0,0,0,0,0,0,0,1,0,1
178336,0,0,0,0,0,0,0,0,0,1,0,0,0,0,0,0,0,0,0,0,0,1
178341,1,0,0,0,0,0,0,0,0,0,1,0,0,0,0,0,0,38,0,0,0,40
178344,0,0,0,0,1,17,0,0,0,0,0,0,1,0,1,0,0,0,0,0,0,20
178356,0,6,0,0,0,0,0,0,0,0,0,0,0,0,0,0,0,0,0,0,0,6
178357,0,0,0,0,3,0,0,0,0,0,0,0,0,0,0,0,0,0,0,0,0,3
178362,0,2,0,0,0,0,0,0,0,0,0,0,0,0,0,0,0,0,0,0,0,2
179202,0,0,0,0,0,0,0,0,0,0,1,0,0,0,0,0,0,0,0,0,0,1
179206,0,0,0,1,0,0,0,1,31,1,0,1,0,0,1,0,0,0,1,0,0,37
179210,0,0,1,1,0,0,1,0,0,0,0,1,0,0,11,0,0,0,0,1,0,16
179213,0,0,0,0,0,0,0,0,0,0,0,0,0,15,0,0,0,0,0,0,0,15
179214,0,0,0,0,1,0,0,0,0,0,0,0,0,0,17,0,0,0,0,0,0,18
179215,0,0,1,0,0,0,0,0,0,1,0,0,0,0,0,0,0,0,0,0,0,2
179219,0,0,0,0,0,0,0,1,0,0,1,0,0,0,0,0,1,0,0,0,0,3
179222,0,0,0,0,0,0,0,0,0,0,0,0,0,0,0,1,0,0,0,0,0,1
179229,0,0,0,0,0,0,2,0,0,0,0,0,0,0,0,0,0,0,0,0,0,2
179234,0,0,1,0,0,0,0,0,0,0,0,0,0,0,0,0,0,0,0,0,0,1
179236,1,0,0,0,0,0,1,0,7,0,0,0,0,0,0,0,0,1,0,0,1,11
179238,0,0,0,0,0,1,0,0,0,0,0,0,0,0,0,0,0,0,0,0,0,1
179242,0,0,0,0,0,0,0,0,0,0,0,0,1,0,0,0,0,0,0,0,0,1
179245,0,0,0,0,0,0,0,1,0,0,0,1,0,0,0,0,0,0,0,0,0,2
179250,0,0,0,0,1,0,0,0,0,1,0,1,0,1,6,0,0,0,0,0,1,11
179258,0,0,0,0,0,0,1,0,0,0,0,0,0,0,0,0,0,0,0,0,0,1
179261,0,0,0,0,0,0,0,0,0,0,1,0,0,0,0,0,0,0,0,0,0,1
179264,0,0,0,0,0,0,0,0,0,0,1,0,0,0,0,0,0,0,0,0,0,1
179266,0,0,0,0,0,0,0,0,0,1,0,0,6,0,0,0,0,0,0,0,0,7
179268,0,0,0,0,0,0,0,0,0,0,0,1,1,0,0,0,0,0,0,0,0,2
179274,0,0,0,0,0,0,0,0,0,1,0,0,2,0,0,0,1,0,2,1,0,7
179277,0,0,0,0,0,0,0,0,0,0,1,0,0,0,0,0,0,0,0,0,0,1
179278,0,0,1,14,0,0,0,0,0,0,0,0,0,0,0,1,0,0,0,0,0,16
179280,0,0,0,0,0,0,1,24,0,0,0,0,0,0,0,0,0,0,0,0,0,25
179281,0,0,0,0,1,0,0,0,0,0,0,1,6,0,0,0,0,0,0,0,0,8
179288,0,0,0,0,0,0,0,1,0,0,0,0,0,0,0,0,0,0,0,0,0,1
179289,0,0,0,0,0,0,0,0,0,0,0,0,0,0,0,0,0,1,0,0,0,1
179293,0,1,0,2,1,0,1,2,0,1,1,1,0,0,200,0,1,2,3,2,1,219
179296,0,0,0,0,0,0,0,0,0,0,0,0,2,1,0,0,1,0,0,0,0,4
179298,0,1,1,0,0,13,0,1,1,1,0,0,0,0,0,0,0,0,0,0,0,18
179304,0,0,0,0,0,0,0,0,1,0,0,0,0,0,0,1,0,0,0,0,0,2
179306,0,0,0,0,1,0,0,0,0,0,0,0,0,0,9,0,0,0,1,1,0,12
179312,0,0,1,0,0,0,0,0,0,0,0,0,0,0,0,0,0,0,0,0,1,2
179313,0,0,0,0,0,15,0,0,0,0,0,0,0,0,0,1,0,1,0,1,0,18
179317,0,0,0,0,1,0,0,0,0,1,0,0,0,0,4,0,0,0,0,1,1,8
179322,0,0,0,0,0,0,1,0,0,0,0,0,0,0,0,0,0,0,0,0,0,1
179325,0,2,0,0,0,0,0,0,0,0,0,0,0,0,0,0,0,0,0,0,0,2
179331,0,0,0,0,0,16,0,0,0,0,0,0,0,0,0,0,0,0,0,0,0,16
179332,0,0,0,1,0,1,0,0,0,0,0,0,0,0,0,0,0,0,0,0,0,2
179334,0,0,1,1,0,1,139,1,1,0,1,1,1,2,6,2,0,0,1,2,3,163
179340,1,0,0,0,0,0,4,0,0,0,0,0,1,0,0,0,0,0,0,0,0,6
179342,0,0,0,2,0,0,0,0,0,0,0,0,0,0,0,0,0,0,0,0,0,2
179346,1,0,1,0,0,0,0,0,0,0,0,0,0,0,0,0,0,0,0,1,1,4
179350,0,0,0,1,0,0,0,0,0,0,0,0,0,0,0,2,0,0,0,0,0,3
179354,0,0,0,0,0,2,0,0,0,0,0,0,0,0,0,0,0,0,0,0,0,2
179358,0,0,0,0,0,0,0,0,0,0,0,0,1,0,0,0,0,0,0,0,0,1
179364,0,0,1,0,0,2,0,0,0,0,0,1,0,0,0,0,0,0,0,0,0,4
179365,0,0,0,0,0,1,0,0,0,0,0,0,0,0,0,0,0,0,0,0,0,1
179368,0,0,1,0,0,0,14,0,0,0,0,0,0,0,0,0,0,0,0,0,0,15
179370,0,0,0,0,0,1,0,0,4,0,0,0,0,0,1,0,0,0,0,0,0,6
179373,1,0,0,0,0,0,0,0,0,0,0,0,0,0,1,0,0,0,0,0,0,2
179382,0,0,0,1,0,0,0,6,0,0,0,0,0,0,0,0,0,0,0,0,0,7
179386,0,0,0,0,1,0,0,0,0,0,0,0,0,0,0,16,0,0,0,0,0,17
179390,0,0,0,0,1,0,0,0,0,0,0,0,0,0,0,0,1,0,1,0,0,3
179392,1,0,0,0,0,0,0,0,15,0,0,0,0,0,0,0,0,0,0,0,0,16
179394,0,2,0,0,0,0,0,0,0,0,0,0,0,0,0,0,0,0,0,0,0,2
179395,0,0,0,0,0,0,0,0,0,0,0,1,0,0,1,0,0,0,0,0,0,2
179397,0,0,0,0,0,0,0,0,0,0,0,0,0,1,0,0,0,0,0,0,0,1
179398,0,0,0,1,0,1,0,0,1,0,0,0,0,0,0,24,1,1,0,0,0,29
179400,0,0,0,0,0,0,0,2,0,0,0,0,0,0,0,0,1,0,0,0,0,3
179401,0,0,0,0,0,0,0,1,0,0,0,0,0,0,0,0,0,0,0,0,0,1
179404,0,0,0,0,0,0,0,0,0,0,0,0,0,0,0,0,1,0,0,0,0,1
179408,0,0,0,1,0,0,0,0,0,0,0,0,0,0,0,0,0,0,0,0,0,1
179412,1,0,1,0,0,0,0,0,0,0,0,0,0,0,1,0,0,0,0,0,0,3
179414,0,0,0,0,0,0,0,0,16,0,0,0,0,0,0,0,0,0,0,0,0,16
179416,1,0,1,0,1,0,0,3,42,1,2,3,0,0,1,0,0,0,0,1,1,57
179417,0,0,0,0,0,0,0,0,0,0,0,0,0,0,0,13,0,0,0,0,0,13
179418,0,0,0,1,1,2,3,0,4,0,1,1,1,232,0,2,0,1,2,1,1,253
179420,0,0,0,0,0,0,1,9,0,0,0,0,0,0,0,0,0,0,0,0,0,10
179422,1,0,0,1,0,0,0,0,12,0,0,2,0,0,0,0,0,0,0,0,0,16
179424,1,0,1,0,0,0,0,0,0,1,0,0,0,0,0,0,0,0,0,1,0,4
179429,0,0,0,0,0,0,0,0,0,0,0,0,3,0,0,0,0,0,1,0,0,4
179432,1,1,1,2,0,1,2,1,1,0,3,0,2,195,0,2,1,0,1,2,1,217
179436,0,0,0,0,0,0,0,0,0,0,0,0,0,0,1,1,15,0,0,0,0,17
179437,1,0,0,0,1,0,0,0,0,0,0,0,0,38,0,0,0,0,1,0,0,41
179440,0,0,0,0,0,0,0,1,0,0,0,0,0,0,0,0,0,0,0,0,0,1
179441,0,0,0,0,0,0,0,0,11,0,0,0,0,1,0,0,0,0,0,0,0,12
179442,0,1,0,0,0,0,0,0,0,0,2,1,0,0,0,0,0,0,0,1,0,5
179445,1,1,0,0,0,0,0,0,0,0,0,0,0,0,0,0,0,0,0,0,1,3
179446,0,0,0,0,0,0,0,0,0,0,1,0,0,7,0,0,0,0,0,0,0,8
179448,0,0,1,0,0,0,0,0,1,0,0,0,0,10,0,0,0,0,0,0,0,12
179449,0,0,0,0,0,1,0,1,0,0,0,0,0,0,0,0,0,0,0,0,0,2
179450,0,0,5,0,0,1,0,2,168,0,0,0,0,1,2,1,1,1,2,1,1,186
179452,1,0,0,0,0,0,14,0,0,1,1,0,0,0,1,0,0,0,0,0,0,18
185601,0,0,1,0,1,0,0,0,0,0,0,0,0,0,0,0,0,0,0,1,0,3
185602,1,0,0,0,0,0,0,0,0,0,0,0,0,0,0,0,0,0,0,0,1,2
185603,0,0,0,0,0,1,0,0,0,0,0,0,0,0,0,0,1,0,0,0,0,2
185605,0,0,0,0,0,0,0,0,1,0,0,0,0,0,0,0,0,0,0,0,0,1
185616,0,0,0,0,0,0,0,1,0,0,0,0,0,1,0,0,0,0,0,0,0,2
185624,0,0,0,0,0,1,0,0,0,0,0,0,0,0,0,0,0,0,0,0,0,1
185625,0,0,0,0,0,0,0,0,0,0,0,1,0,0,0,0,0,0,0,0,0,1
185632,1,0,0,0,1,0,0,0,0,0,1,0,0,0,1,0,0,0,0,0,0,4
185633,0,0,0,0,0,0,0,0,1,0,0,0,0,0,0,0,0,0,0,0,0,1
185637,0,0,1,0,0,0,0,0,1,0,0,0,0,0,0,0,0,0,0,0,0,2
185648,0,0,0,0,0,0,0,0,0,0,0,0,0,0,0,1,0,0,0,0,0,1
187485,0,0,0,2,0,0,0,0,0,0,0,0,0,0,0,0,0,0,0,0,0,2
187713,0,0,0,0,0,1,0,0,0,0,0,0,0,0,0,0,1,0,0,0,0,2
187748,0,1,0,0,0,0,0,0,0,0,0,0,0,0,0,1,0,0,0,0,0,2
187765,0,0,1,0,0,0,0,0,0,0,0,0,0,1,0,0,0,0,0,0,1,3
189706,0,0,0,0,0,0,0,0,0,0,0,0,1,0,0,0,1,0,0,0,0,2
190723,0,1,0,0,0,0,0,17,0,0,0,1,0,0,0,0,0,0,0,0,0,19
190724,0,0,0,1,0,0,1,0,0,0,0,0,0,0,0,0,0,0,0,0,0,2
190725,0,0,0,0,0,0,0,0,1,0,0,0,0,0,0,0,0,0,0,0,0,1
190730,0,0,0,0,0,0,0,0,0,0,0,0,0,0,0,0,0,1,0,0,1,2
190736,0,0,0,1,1,0,0,0,0,0,0,0,0,0,0,0,0,0,3,0,0,5
190737,0,0,0,1,0,0,0,0,0,1,0,0,0,0,0,0,0,0,0,0,0,2
190738,0,1,0,0,0,1,0,0,0,0,0,0,0,0,0,0,0,0,0,0,0,2
190741,0,0,0,0,0,0,0,0,0,0,0,0,0,0,0,0,1,0,0,0,0,1
190745,0,0,0,0,0,0,0,0,0,0,0,1,0,1,0,0,0,1,0,0,0,3
190750,0,0,0,1,0,0,0,0,0,0,0,0,0,0,0,0,0,0,0,0,1,2
190752,2,2,0,2,0,0,1,0,5,1,1,0,1,1,1,1,1,0,189,1,1,210
190753,0,0,0,0,0,0,1,0,16,0,1,0,0,0,0,0,0,0,0,1,0,19
190756,1,0,0,0,0,0,0,0,0,0,0,1,0,0,0,0,0,0,0,1,0,3
190760,0,0,0,0,0,0,0,0,1,0,0,0,0,0,0,0,0,0,0,0,0,1
190762,0,0,0,0,1,0,0,0,0,0,0,0,0,0,1,1,0,0,0,1,0,4
190768,0,0,0,0,0,0,0,0,0,0,0,0,1,0,0,0,2,0,0,0,0,3
190769,0,0,0,1,0,2,0,0,0,0,0,0,0,0,0,0,0,0,0,0,0,3
190770,0,0,0,0,0,0,0,0,0,0,0,0,0,1,0,0,0,0,0,0,0,1
190778,0,1,0,0,1,0,0,0,0,0,1,0,1,0,0,0,0,0,0,0,1,5
190782,1,0,0,1,1,0,0,0,0,0,0,0,0,0,0,0,0,0,0,1,0,4
191570,1,0,0,0,0,0,0,0,0,0,0,0,0,0,0,0,1,0,0,0,0,2
191750,0,0,0,0,0,0,0,0,0,0,0,0,0,0,0,1,0,0,0,0,0,1
191751,0,0,0,0,1,1,0,0,0,0,0,0,0,0,1,0,0,0,0,0,0,3
191811,0,0,0,0,0,0,0,1,0,0,0,0,0,0,1,0,0,0,0,0,0,2
191812,1,0,0,0,0,0,0,0,0,0,0,0,0,0,0,0,0,1,0,0,0,2
191822,0,0,0,0,0,0,0,0,0,0,0,0,0,1,1,0,0,1,0,0,0,3
191824,0,1,0,0,0,0,0,0,0,0,0,1,0,0,0,0,0,0,0,0,0,2
191825,0,0,0,0,0,0,0,0,0,1,1,0,0,0,1,2,0,0,0,0,0,5
191828,0,0,0,0,0,1,0,0,0,0,0,0,0,0,0,0,0,0,0,0,0,1
191832,0,0,0,0,0,0,0,0,0,0,0,0,0,0,0,2,0,0,0,0,0,2
191836,0,0,0,0,0,0,0,0,0,0,0,0,0,0,0,0,1,0,0,0,0,1
191837,0,0,0,0,1,0,0,0,0,0,0,0,0,1,0,1,0,1,0,0,0,4
191838,0,0,0,0,0,0,0,1,0,0,0,0,0,0,0,0,0,0,1,0,0,2
191840,0,0,0,0,1,0,0,0,0,0,0,0,1,1,0,0,0,1,0,0,0,4
191841,0,0,0,0,0,0,0,0,0,0,0,0,0,0,0,1,0,0,0,0,0,1
191844,0,1,0,0,0,0,0,0,0,0,1,0,1,0,0,1,0,0,0,0,1,5
191848,0,1,0,0,0,0,1,0,2,0,0,1,0,0,0,0,0,0,0,0,0,5
191850,0,0,0,0,0,0,0,0,0,0,0,0,0,0,0,0,0,0,1,0,0,1
191852,0,0,0,0,0,1,0,0,0,0,0,0,0,0,0,0,0,0,0,0,0,1
191856,0,0,0,0,0,1,0,0,0,0,0,0,0,0,0,0,0,0,0,0,0,1
191857,0,0,0,0,0,0,1,0,0,0,0,0,0,0,0,0,0,0,0,1,0,2
191865,0,0,0,0,0,0,0,0,1,0,0,0,0,0,0,0,0,0,0,1,0,2
191866,0,0,0,0,0,0,0,0,0,0,0,1,0,0,0,0,0,0,0,0,0,1
191868,0,0,0,0,1,0,0,1,1,0,0,0,0,1,0,0,0,1,0,1,0,6
191869,0,0,0,0,0,0,0,0,0,1,0,0,0,0,1,0,1,0,0,0,0,3
193693,0,0,0,0,0,0,0,0,0,0,0,0,0,0,1,0,0,0,0,0,0,1
193921,0,0,0,0,0,0,0,0,0,0,0,0,0,0,1,0,0,0,0,0,0,1
193929,0,0,0,0,0,0,0,0,0,0,0,0,1,0,0,0,0,0,0,0,0,1
193936,0,0,0,0,0,0,0,0,0,0,0,0,0,0,1,0,0,0,0,0,0,1
193937,0,0,0,0,0,0,0,0,0,0,0,0,0,2,0,6,0,0,0,0,0,8
193944,0,0,0,0,0,0,0,0,0,0,0,1,0,0,0,0,0,0,0,0,0,1
193968,0,0,1,0,0,0,0,0,0,0,0,0,0,0,0,0,0,0,0,0,0,1
194714,0,0,0,0,1,0,0,0,0,0,1,0,0,0,0,1,0,0,10,0,0,13
194826,0,0,0,2,0,0,0,0,0,0,0,0,0,0,0,0,0,0,0,0,0,2
194827,0,0,0,2,1,0,0,0,0,0,0,0,0,0,0,0,0,0,0,0,0,3
194944,0,0,0,0,0,1,0,0,0,0,0,0,0,1,0,0,0,0,0,0,0,2
194945,0,0,1,0,1,0,0,0,0,1,1,0,0,0,0,1,0,5,0,0,0,10
194946,0,0,0,0,0,0,0,1,0,0,0,0,0,0,0,0,0,0,0,0,0,1
194947,0,0,0,0,0,0,0,0,0,0,0,0,0,0,0,0,10,0,0,0,0,10
194948,0,0,0,1,0,0,0,0,0,0,0,0,0,0,0,0,0,0,0,0,0,1
194949,0,0,0,0,0,0,0,0,0,0,0,0,0,0,0,0,5,0,0,0,0,5
194952,0,0,1,0,0,0,0,1,0,0,0,0,0,0,0,0,0,0,0,0,0,2
194960,0,0,0,1,0,0,1,0,0,0,0,0,0,0,0,0,0,0,0,0,1,3
194961,0,3,1,0,1,1,0,1,2,3,0,1,216,1,0,1,1,1,1,2,3,239
194962,0,0,0,0,0,0,0,0,0,0,0,0,0,0,0,0,0,0,0,1,0,1
194968,0,0,0,0,1,0,0,0,0,0,0,0,0,0,0,0,0,0,0,4,0,5
194970,1,0,0,0,0,0,0,0,0,0,0,1,1,0,0,0,0,0,5,0,0,8
194972,0,0,0,0,0,0,0,0,0,0,0,16,0,0,0,0,0,0,0,0,0,16
194976,0,0,0,0,0,0,0,0,0,0,0,0,0,0,0,0,0,0,0,2,0,2
194980,0,0,1,0,0,0,0,0,0,1,0,0,0,0,1,0,0,3,0,0,0,6
194986,0,0,0,0,0,0,0,1,0,0,0,0,0,0,0,0,0,0,0,0,0,1
194989,0,1,0,0,0,0,0,0,0,0,0,0,0,0,0,0,0,0,0,0,0,1
194992,0,1,0,1,0,0,0,0,0,0,0,1,0,0,0,0,0,0,0,5,0,8
194994,0,0,0,1,0,0,0,0,0,0,0,0,0,0,0,0,0,0,0,1,0,2
195002,1,1,2,1,1,2,0,1,0,0,254,0,0,1,0,2,1,1,1,2,1,272
195614,0,0,0,0,0,0,0,0,0,0,0,0,0,0,0,0,1,0,0,0,0,1
195670,0,0,0,0,0,0,0,0,0,0,0,0,0,1,0,0,0,0,0,0,0,1
195674,0,0,0,0,0,0,0,0,0,0,0,0,0,0,0,0,0,2,0,1,1,4
195731,0,0,0,0,0,0,0,0,1,0,0,0,0,0,2,0,0,0,0,0,0,3
195734,1,0,1,0,1,2,0,0,0,0,2,0,0,0,0,0,0,0,0,0,0,7
195738,0,1,0,0,0,0,0,0,0,0,0,0,0,0,0,0,0,0,0,0,0,1
195794,0,0,0,0,0,0,1,0,0,0,0,1,0,0,0,0,0,1,0,2,0,5
195795,0,0,0,0,0,0,0,0,0,0,0,0,0,1,0,0,0,0,1,0,0,2
195844,0,0,0,0,0,0,0,0,1,0,1,0,0,0,0,0,0,0,0,0,1,3
195845,1,0,1,0,1,0,1,0,0,1,0,0,0,0,9,0,0,1,1,0,0,16
195846,0,0,0,0,0,0,0,0,0,0,0,0,0,1,0,0,0,0,0,0,0,1
195850,1,0,0,1,1,0,0,0,0,1,1,0,0,0,0,0,0,1,0,0,0,6
195852,0,0,0,0,0,0,0,0,1,0,0,1,0,0,0,0,0,0,1,0,0,3
195854,0,0,0,0,0,2,0,0,0,0,0,1,0,0,0,0,1,0,1,0,1,6
195859,0,0,0,0,1,0,1,0,0,0,0,0,0,0,0,0,0,1,0,0,0,3
195860,1,0,0,0,1,0,1,0,0,0,0,0,0,0,0,0,0,0,0,0,0,3
195866,0,0,0,1,0,0,0,0,1,0,0,1,0,0,0,0,0,0,0,0,0,3
195868,0,0,0,0,1,0,1,0,0,0,0,0,0,0,0,0,0,0,0,0,0,2
195876,0,1,1,3,0,2,1,0,2,2,0,5,232,0,2,1,0,1,1,0,1,255
195890,0,0,0,0,0,1,0,0,0,0,0,0,0,0,0,0,0,0,1,0,0,2
195897,0,0,0,0,0,2,0,0,0,0,0,0,0,0,0,0,1,0,0,0,0,3
195898,0,0,0,0,0,0,0,0,0,0,1,0,0,0,0,0,0,0,0,0,0,1
195906,0,0,0,0,1,0,0,0,0,0,0,0,0,1,0,0,0,0,0,0,0,2
195914,0,0,0,0,0,0,0,0,1,0,0,0,0,0,0,0,0,3,0,0,0,4
195920,0,0,0,0,0,0,0,0,0,0,0,0,0,0,0,0,0,1,0,0,0,1
195923,0,0,0,0,0,2,0,0,0,0,0,0,0,0,0,0,0,0,0,1,0,3
195924,0,0,0,0,0,0,0,0,0,0,0,0,0,0,0,0,0,0,1,0,0,1
195929,0,0,0,0,1,0,0,1,0,0,0,0,0,0,0,0,0,1,0,0,0,3
195932,0,0,0,0,0,0,0,0,0,0,0,0,0,0,0,1,0,0,0,0,0,1
195933,0,2,0,0,0,0,0,0,0,0,0,0,0,0,0,0,0,0,0,0,0,2
195940,1,0,0,0,0,0,0,0,0,0,0,1,0,0,0,0,0,0,0,0,0,2
195949,0,0,0,1,0,0,0,0,0,0,0,0,0,0,0,1,0,0,0,0,0,2
195956,1,0,0,0,0,0,0,1,0,1,0,0,13,1,0,0,0,0,0,0,0,17
195957,0,0,0,0,0,1,0,0,0,0,0,0,0,0,7,0,0,0,0,0,0,8
195962,0,0,0,1,0,0,0,0,1,0,0,0,0,0,0,0,0,0,0,0,0,2
195964,0,0,0,0,0,1,0,0,0,0,0,0,0,0,0,0,1,0,0,0,0,2
195968,0,0,0,0,1,0,0,0,0,0,0,0,0,0,0,0,0,0,0,1,0,2
195973,0,0,0,0,0,0,1,0,0,0,0,0,0,0,1,0,0,0,0,0,0,2
195978,0,0,0,0,0,0,0,0,0,0,0,0,0,0,0,0,0,0,0,0,1,1
195994,0,0,0,0,0,1,0,0,0,0,0,0,0,0,0,0,0,0,0,0,0,1
195998,0,2,0,0,0,0,0,0,0,0,0,0,0,0,0,0,0,0,0,0,0,2
196004,0,0,0,0,0,0,0,0,0,0,1,0,0,0,0,0,0,1,0,0,0,2
196013,0,0,0,0,0,0,0,1,0,0,0,0,0,0,0,0,0,0,1,0,0,2
196016,0,1,0,0,0,0,0,0,0,0,0,0,0,0,0,0,0,0,0,0,0,1
196025,0,0,0,0,0,0,0,0,0,0,0,1,0,0,0,0,0,2,0,1,0,4
196026,1,1,0,0,0,0,0,0,0,0,0,0,0,3,0,0,0,0,0,0,0,5
196029,0,4,1,0,0,0,0,0,0,0,0,1,0,0,0,0,1,0,0,0,1,8
196032,1,0,0,0,0,0,0,0,1,0,0,0,0,0,0,0,0,0,0,1,0,3
196035,0,0,0,0,0,0,0,0,0,0,0,0,0,0,0,0,0,0,1,0,0,1
196038,0,0,1,0,0,17,0,0,0,0,2,0,0,0,0,4,1,1,0,0,0,26
196041,0,0,0,0,0,0,0,0,1,0,0,0,0,0,0,0,0,0,0,0,0,1
196042,0,0,0,0,0,0,0,2,0,0,0,0,0,0,0,0,0,0,0,0,0,2
196045,0,20,1,0,0,0,0,0,0,0,0,0,0,0,0,0,0,0,0,0,0,21
196049,0,0,0,18,0,0,0,0,0,0,0,0,0,0,2,0,1,0,0,1,0,22
196050,0,0,0,0,0,0,0,0,0,0,0,0,0,3,0,0,0,0,0,0,0,3
196052,0,0,0,0,1,0,0,0,0,1,0,0,0,4,0,0,0,0,0,0,0,6
196053,0,0,0,0,1,1,0,1,0,0,1,0,0,0,0,0,0,2,0,0,1,7
196054,0,0,0,0,0,0,0,0,0,0,0,0,0,4,0,0,0,0,0,0,0,4
196056,0,0,0,0,0,1,0,0,0,0,0,0,0,0,0,0,0,0,0,0,0,1
196057,0,0,0,0,0,2,1,1,0,0,0,0,0,0,0,0,1,0,0,0,0,5
196058,1,0,0,0,0,0,0,0,0,1,0,0,0,0,0,0,0,0,1,0,0,3
196060,0,0,0,0,0,0,0,0,0,0,0,0,4,0,0,0,0,0,0,0,0,4
196061,0,0,0,1,0,0,0,0,0,0,0,0,0,0,0,0,0,0,0,1,0,2
196062,0,0,0,1,1,0,0,0,0,1,0,0,3,0,1,0,0,0,0,1,0,8
196065,0,0,1,0,0,0,1,1,0,0,0,1,0,0,0,0,0,0,0,0,0,4
196068,0,0,0,1,0,0,1,1,0,0,0,0,0,0,0,0,0,0,0,0,0,3
196073,0,2,0,0,0,0,0,0,0,0,0,0,0,0,0,0,0,0,1,0,0,3
196077,1,0,0,0,0,0,0,0,0,0,0,0,0,0,0,0,1,0,0,0,0,2
196081,0,0,0,0,0,12,0,0,0,1,0,0,0,0,0,0,0,0,0,0,0,13
196082,0,0,0,0,0,1,0,0,0,0,0,0,0,0,0,0,0,0,0,0,0,1
196084,0,0,1,0,0,0,0,0,0,0,0,0,0,0,0,0,0,0,0,0,0,1
196089,0,0,0,0,0,1,0,0,0,0,1,0,0,0,0,0,0,0,0,0,0,2
196093,0,0,0,0,0,0,0,0,0,0,0,0,0,0,0,0,0,1,0,0,1,2
218627,0,0,0,0,1,0,0,0,0,0,0,0,0,0,1,0,0,0,1,0,0,3
218633,0,0,0,0,0,0,1,0,0,0,0,0,0,0,1,2,1,0,0,0,0,5
218636,0,1,0,0,0,0,0,0,0,0,0,0,0,0,0,0,0,0,1,0,0,2
218637,0,0,0,0,1,0,1,0,1,0,0,1,0,1,0,0,0,0,0,0,0,5
218645,0,0,0,0,0,0,0,0,0,0,0,2,0,0,0,0,0,0,0,0,0,2
218649,0,31,0,0,0,0,2,0,1,0,0,0,0,0,0,0,0,0,0,0,0,34
218653,0,0,0,15,1,0,0,0,0,0,0,0,1,0,0,0,0,0,0,0,0,17
218657,0,0,0,0,0,0,0,0,0,0,0,0,0,0,0,1,0,0,0,0,0,1
218661,0,2,0,0,0,0,0,0,0,0,1,0,0,0,0,0,0,0,0,0,0,3
218665,0,0,0,0,0,0,0,0,1,0,1,0,0,0,0,0,0,0,0,1,0,3
218668,2,1,2,0,0,0,0,0,1,106,0,0,0,0,1,0,0,1,1,0,0,115
218669,0,0,0,0,0,17,0,0,0,0,0,0,1,0,1,12,0,1,0,0,0,32
218677,1,0,1,0,0,0,0,0,0,0,0,0,0,0,0,0,0,0,0,0,0,2
218681,0,0,0,0,0,0,1,1,0,0,0,0,0,0,1,0,0,0,0,0,1,4
218685,0,2,0,0,0,1,0,0,0,0,0,0,1,0,0,14,0,0,0,0,0,18
219654,0,0,4,0,0,0,0,0,0,0,0,0,0,0,0,0,0,0,0,0,0,4
220738,0,0,0,0,0,0,0,0,0,0,0,1,0,0,0,0,0,0,0,0,0,1
220742,0,0,0,1,0,0,0,0,0,0,0,0,0,0,0,0,0,0,0,0,1,2
220752,0,0,8,0,0,0,0,0,0,0,0,0,0,0,1,0,0,0,0,0,0,9
220757,0,0,0,0,0,0,0,0,0,0,0,0,1,0,0,3,0,0,0,1,1,6
220761,0,2,0,0,0,0,0,0,0,0,0,0,0,0,0,0,0,0,0,0,0,2
220768,0,0,0,0,0,0,0,0,0,0,0,0,0,0,0,1,0,0,0,0,0,1
220769,0,0,0,0,0,0,0,0,0,0,0,0,0,0,0,0,0,1,0,0,0,1
220772,0,0,0,0,0,0,0,0,1,0,0,1,0,0,0,0,0,0,0,0,0,2
220773,0,0,0,0,0,0,0,0,0,0,0,0,0,0,0,0,0,0,1,0,0,1
220777,0,0,0,0,0,0,0,0,0,2,0,0,0,0,0,0,0,0,0,0,0,2
220788,0,0,0,0,0,0,0,0,0,0,0,0,0,0,0,2,0,0,0,0,0,2
222730,0,2,0,0,0,0,0,0,0,0,0,0,0,0,0,0,0,0,0,0,0,2
223744,0,2,0,0,0,0,0,0,1,0,0,0,0,0,0,0,0,0,0,0,0,3
223745,0,0,6,0,0,0,0,0,0,0,0,0,0,0,0,0,0,0,0,1,0,7
223747,0,0,0,0,0,0,0,0,1,24,0,1,2,0,0,0,0,0,0,0,0,28
223753,0,0,0,0,1,0,0,0,0,0,0,0,0,0,0,0,0,0,0,0,0,1
223756,0,0,0,0,0,0,0,0,1,0,0,0,0,0,0,1,0,0,0,0,0,2
223757,0,0,0,0,0,0,0,0,0,0,0,0,0,0,0,0,0,0,0,1,0,1
223761,0,0,0,0,0,0,1,0,0,0,0,1,0,0,1,0,0,0,0,0,1,4
223765,0,0,0,0,1,0,0,0,0,0,0,0,0,0,0,0,0,15,0,1,0,17
223768,0,0,0,0,0,0,0,0,0,0,0,0,0,0,0,0,0,0,0,1,0,1
223769,0,0,0,0,0,0,0,0,0,0,0,0,1,1,2,0,0,0,0,36,1,41
223772,0,0,0,0,0,0,0,0,1,0,0,0,0,0,0,0,1,0,0,0,0,2
223777,0,0,0,0,0,0,0,0,0,1,0,0,0,0,1,0,0,0,0,1,0,3
223778,0,0,0,1,0,0,0,0,1,0,0,0,0,0,0,0,0,0,0,0,0,2
223785,0,0,0,0,0,0,0,0,0,0,0,0,0,2,0,0,0,0,9,0,0,11
224832,0,0,0,0,1,12,1,2,1,18,0,1,2,0,0,0,0,0,0,1,1,40
224833,0,0,0,0,0,0,0,0,0,1,0,0,0,0,0,0,0,0,0,0,0,1
224834,1,0,0,0,0,0,0,0,0,0,1,0,0,0,0,1,0,0,0,0,1,4
224835,0,0,0,0,0,0,0,0,0,0,0,0,0,0,0,0,0,0,2,1,0,3
224836,0,0,0,0,0,0,0,1,0,0,0,0,0,0,0,0,0,0,0,0,0,1
224840,1,0,9,0,0,0,0,0,0,0,0,0,0,0,0,0,0,0,0,0,1,11
224842,0,0,0,0,0,0,0,0,0,0,0,0,0,0,0,0,0,2,0,0,0,2
224848,0,0,0,0,1,0,1,1,0,0,0,0,0,0,0,0,0,0,0,0,1,4
224852,0,0,0,0,0,0,0,0,0,0,0,0,1,1,0,0,0,0,0,0,0,2
224856,0,0,0,0,0,10,0,0,0,0,0,0,0,0,0,0,0,0,0,0,0,10
224860,0,0,5,0,0,0,0,0,0,0,0,0,0,0,0,0,0,0,0,0,1,6
224864,1,3,2,191,0,2,1,2,1,1,1,0,0,1,0,1,1,2,0,0,0,210
224865,0,0,0,0,0,0,0,0,0,0,1,0,0,0,0,0,0,0,0,0,1,2
224868,0,1,0,0,0,0,0,0,1,0,0,0,0,0,0,0,0,0,0,0,1,3
224872,0,0,0,0,1,0,0,0,0,0,0,0,0,0,0,0,0,0,0,0,0,1
224880,0,0,0,9,0,0,0,0,0,0,0,1,0,0,0,0,0,0,0,0,0,10
226953,1,0,0,0,1,0,0,1,1,0,0,1,0,0,0,0,0,0,1,0,1,7
226956,0,0,0,0,0,0,0,0,0,0,0,0,0,0,0,0,0,0,0,1,0,1
226957,0,2,0,0,0,0,0,0,0,0,0,0,0,0,0,0,0,0,0,0,0,2
226961,0,0,0,1,0,0,0,0,0,0,0,0,0,0,0,0,0,0,0,0,0,1
226969,0,0,0,0,0,3,1,0,0,0,0,0,0,0,0,0,0,0,0,0,0,4
226977,0,0,0,0,0,0,0,0,0,0,0,0,0,0,0,3,0,0,0,0,0,3
226981,0,0,0,0,0,0,0,0,0,0,0,0,0,2,0,0,0,0,0,0,0,2
226993,0,0,1,0,0,0,0,0,0,1,0,0,0,0,0,0,0,0,0,0,0,2
227850,0,0,0,0,0,6,0,0,0,0,0,0,0,0,0,1,0,0,0,0,0,7
227897,0,0,0,0,0,0,0,0,0,0,0,0,0,0,0,2,0,0,0,0,0,2
227968,0,0,0,0,0,0,0,0,0,0,0,0,0,0,1,0,0,0,0,0,0,1
227969,0,0,2,0,0,0,0,0,0,0,0,0,0,0,0,0,0,0,0,0,0,2
227977,0,0,0,1,0,0,0,0,0,0,0,0,0,0,0,0,0,0,0,0,0,1
227980,0,0,0,0,0,0,0,0,0,0,1,0,0,0,0,0,0,0,0,0,0,1
227996,2,0,0,0,0,0,0,0,0,0,0,12,0,0,1,0,0,0,0,1,1,17
228013,0,0,2,0,2,1,0,2,0,0,146,0,2,0,0,0,0,0,0,0,1,156
228909,0,0,0,0,1,0,0,0,0,0,0,0,0,0,0,0,0,0,0,0,0,1
228937,0,1,0,0,0,0,0,0,0,0,0,0,0,0,0,0,0,0,0,0,0,1
228938,0,0,0,0,0,0,1,0,0,0,1,0,0,0,0,0,0,0,0,0,0,2
228941,0,0,0,1,0,0,1,0,0,0,0,0,0,0,0,0,0,0,0,0,1,3
228949,0,0,0,0,0,0,0,0,0,0,1,1,0,1,0,0,0,1,0,0,0,4
228953,5,1,428,0,0,3,1,2,2,1,2,2,1,1,2,2,5,0,5,2,1,466
228973,0,0,0,0,0,0,0,0,1,0,0,0,0,0,0,0,0,0,0,0,0,1
229002,0,0,0,0,0,0,0,1,0,0,0,0,0,0,0,0,0,0,0,0,0,1
229033,0,0,0,0,0,0,0,0,0,0,0,0,0,0,0,0,0,1,0,0,0,1
229037,0,0,0,0,0,0,0,0,0,0,0,0,0,0,1,0,0,0,0,0,0,1
229057,0,0,0,0,0,3,0,0,0,0,0,0,0,0,0,0,0,0,1,0,0,4
229058,0,0,0,0,0,0,0,4,0,0,0,0,0,0,0,0,0,0,0,0,0,4
229059,0,0,0,0,0,0,0,0,0,0,0,0,0,0,1,0,0,0,0,0,1,2
229061,0,0,0,0,0,0,0,0,0,18,0,0,0,0,0,0,0,0,0,0,0,18
229065,0,0,0,0,0,0,0,1,0,0,0,0,0,0,0,0,0,0,0,0,0,1
229068,0,0,0,0,0,0,0,0,0,0,1,0,0,4,0,0,0,1,0,1,0,7
229072,0,0,29,0,1,0,0,0,1,0,0,1,0,0,0,0,0,0,0,0,0,32
229084,0,0,0,0,0,0,0,0,0,1,0,0,0,0,0,0,0,0,0,0,0,1
229088,0,0,0,0,0,10,0,0,0,0,0,0,0,0,0,0,1,1,0,0,0,12
229092,0,0,0,0,0,0,0,0,0,0,0,0,0,0,1,0,0,0,0,0,0,1
229108,0,0,0,1,0,0,0,0,0,0,0,0,0,0,0,5,0,0,0,0,0,6
234530,0,0,0,0,0,0,0,0,0,0,0,2,0,0,0,0,0,0,0,0,1,3
235011,0,0,0,0,1,0,0,0,0,0,0,0,0,0,0,0,0,0,0,0,0,1
235020,0,0,0,0,1,7,0,0,0,0,1,0,0,0,0,0,0,0,0,0,0,9
235021,1,0,0,3,0,0,0,0,0,0,0,0,0,0,0,0,0,0,0,0,0,4
235025,0,0,0,0,0,0,0,1,0,1,1,0,1,15,0,0,0,0,1,1,1,22
235026,0,0,0,0,0,0,0,0,0,0,0,1,0,0,0,0,0,0,0,0,0,1
235032,0,8,0,0,0,0,0,0,0,0,0,0,0,0,0,0,0,0,0,0,0,8
235033,0,0,0,1,0,2,0,0,13,0,1,45,0,0,2,0,0,0,0,1,0,65
235041,1,0,0,0,0,0,0,0,0,0,0,0,0,0,0,1,0,1,0,0,0,3
235045,0,1,0,0,1,0,40,0,0,1,0,0,0,0,0,1,1,0,0,1,0,46
235052,0,0,0,0,0,0,0,0,0,0,0,0,0,0,0,3,0,0,0,0,0,3
235053,0,0,0,0,0,0,0,0,0,3,0,0,0,0,0,0,0,0,0,0,0,3
235057,0,0,0,0,0,0,0,0,0,0,0,0,1,0,0,0,0,0,0,1,0,2
237121,0,0,0,0,0,0,0,0,0,0,0,1,0,0,0,0,0,0,0,0,0,1
237129,0,0,0,0,0,0,0,0,0,0,0,1,0,0,0,0,0,0,0,0,0,1
237136,2,0,201,0,0,1,0,1,3,1,2,2,0,1,0,1,2,2,0,0,3,222
237140,0,0,0,0,1,0,0,0,0,0,1,0,0,0,0,0,2,0,0,2,1,7
237144,0,0,0,0,0,0,0,0,0,0,0,0,0,0,0,0,0,0,1,0,0,1
237156,0,0,0,0,1,0,2,0,0,1,0,1,0,0,1,0,0,0,0,0,0,6
237172,2,1,1,0,0,0,2,229,0,1,0,1,2,0,0,0,0,1,0,1,1,242
239114,0,0,0,0,0,18,0,0,0,0,0,0,0,0,0,0,0,0,0,0,0,18
239650,1,0,0,0,0,0,1,0,0,1,0,1,0,0,0,0,23,0,0,0,1,28
240128,2,0,0,0,0,14,0,0,0,0,0,1,0,0,0,1,0,0,0,0,0,18
240129,35,0,1,0,0,1,0,0,1,0,1,0,0,0,1,0,0,1,0,1,0,42
240131,3,190,0,0,1,0,0,0,0,0,1,0,1,1,1,1,0,0,0,1,0,200
240132,0,0,0,0,0,0,0,0,0,0,0,0,0,0,0,0,1,4,0,1,0,6
240133,0,0,0,0,0,0,0,0,0,0,0,0,0,0,0,0,0,0,0,0,3,3
240137,1,0,0,0,0,0,0,0,0,0,0,0,0,0,0,0,0,0,10,0,0,11
240138,0,1,0,0,0,0,0,0,0,0,0,0,0,0,0,0,0,0,0,0,0,1
240142,0,1,0,1,3,2,0,0,173,1,0,1,1,2,0,0,1,0,0,0,1,187
240144,0,0,0,0,0,0,0,0,0,0,0,0,30,0,0,0,0,0,0,0,0,30
240145,1,1,1,0,0,32,0,0,1,0,0,0,0,0,0,0,0,0,0,0,1,37
240146,0,0,0,4,0,0,0,0,0,0,0,0,0,0,0,0,0,0,0,0,0,4
240148,0,0,0,0,0,22,0,0,0,0,0,1,1,0,0,0,0,0,0,1,0,25
240150,0,0,0,2,1,0,0,1,159,0,1,0,0,1,0,0,0,0,1,1,2,169
240153,2,1,1,2,1,3,2,5,592,1,1,2,0,2,4,3,1,2,0,4,4,633
240158,0,1,0,0,0,0,0,0,0,0,0,0,0,0,0,0,0,0,0,0,0,1
240160,0,0,1,2,1,0,1,0,0,0,0,1,0,0,0,0,100,0,1,1,0,108
240161,1,2,1,2,0,2,3,3,2,1,2,2,1,4,2,1,434,2,1,2,2,470
240163,0,0,2,0,0,7,0,0,0,0,0,0,0,0,0,0,0,0,0,0,0,9
240164,0,0,0,0,0,0,0,0,0,0,0,0,8,0,0,0,0,0,0,0,0,8
240165,0,158,0,1,2,0,0,1,5,0,3,2,0,1,0,1,2,1,1,2,0,180
240169,1,0,0,0,0,0,0,0,0,0,0,0,0,1,0,0,1,0,0,0,20,23
240174,0,0,17,0,0,0,0,1,0,1,0,0,0,0,0,0,0,0,0,0,0,19
240177,0,0,0,0,0,0,0,0,0,0,1,9,0,0,0,0,0,1,0,0,0,11
240178,0,0,1,0,0,0,0,0,0,0,0,2,0,0,0,0,0,0,0,0,0,3
240182,1,1,0,1,0,184,0,2,1,2,0,5,2,1,0,0,2,1,1,1,2,207
240190,1,0,0,1,0,0,0,0,0,0,1,0,0,0,27,0,0,0,0,1,0,31
241217,0,0,0,0,0,0,0,1,0,0,0,1,0,0,1,0,0,0,0,1,1,5
241219,0,0,0,0,0,4,0,0,0,0,0,0,0,0,0,0,0,0,2,0,0,6
241220,0,0,0,0,0,0,0,0,0,0,0,0,0,0,0,0,0,0,3,0,0,3
241225,0,0,0,0,1,0,0,0,0,0,0,0,0,0,0,0,0,0,0,0,0,1
241230,0,1,34,0,1,0,1,0,0,1,0,0,0,0,0,0,1,0,0,0,1,40
241232,0,3,1,2,1,219,0,2,0,0,0,1,2,2,1,0,0,0,2,1,1,238
241233,0,1,0,0,1,0,1,0,17,0,0,0,0,0,0,0,1,0,0,1,0,22
241236,0,0,0,10,0,0,0,0,1,0,0,0,0,0,0,1,0,0,0,0,0,12
241237,0,0,0,0,0,0,0,0,0,0,0,1,0,0,0,0,0,0,0,0,0,1
241238,0,0,0,0,0,0,1,0,0,0,0,0,0,0,0,0,0,0,0,0,0,1
241240,0,0,0,0,0,0,0,0,0,0,0,2,0,0,0,0,0,0,0,0,0,2
241241,0,0,0,0,0,0,1,0,0,0,0,0,0,0,0,0,0,0,0,0,0,1
241242,0,0,1,0,0,0,0,2,0,1,0,0,0,0,0,0,0,0,0,0,1,5
241248,8,1,0,0,0,0,0,1,0,0,0,0,0,0,1,0,0,0,0,0,0,11
241249,0,0,0,1,0,1,28,0,0,1,0,0,0,1,0,0,0,0,0,0,2,34
241252,4,2,2,3,0,227,1,0,3,1,1,1,2,0,1,0,2,3,0,3,0,256
241264,0,1,0,0,1,0,0,0,0,1,0,0,0,0,0,0,0,0,0,0,0,3
241265,0,0,2,0,0,0,0,0,0,0,1,0,0,0,0,0,0,0,0,0,0,3
241266,0,0,0,0,0,0,0,0,0,0,0,0,0,0,0,0,0,0,1,0,0,1
241268,0,0,9,0,1,0,0,0,0,0,0,0,0,0,0,0,0,0,0,0,0,10
241270,0,0,0,0,0,0,0,0,0,0,1,0,0,0,0,0,1,0,18,0,0,20
241277,0,0,0,2,0,0,0,0,0,0,0,0,0,0,0,0,0,0,0,0,0,2
242850,0,0,0,0,0,0,0,0,0,0,0,0,0,15,2,0,0,0,0,0,0,17
243328,0,0,0,0,1,0,0,0,0,0,0,0,0,0,0,0,0,1,0,0,0,2
243329,0,0,0,0,0,0,0,0,0,0,0,1,0,0,0,0,0,0,0,0,0,1
243332,0,0,0,0,1,0,0,0,0,0,0,0,0,0,0,0,0,0,3,0,0,4
243333,0,0,4,0,2,0,0,1,3,1,0,2,1,3,0,1,0,245,0,1,1,265
243336,0,0,0,0,0,4,0,0,0,0,0,0,0,0,0,0,0,0,0,0,0,4
243340,0,0,1,0,0,0,0,0,0,0,0,0,1,0,0,13,0,0,0,0,0,15
243344,0,1,1,1,0,220,2,1,1,1,3,2,2,2,0,0,0,3,3,0,1,244
243348,0,0,0,0,0,0,0,0,0,0,0,0,0,3,0,0,0,0,0,0,0,3
243352,0,0,16,0,0,0,1,0,0,0,1,0,2,0,0,0,0,0,0,0,1,21
243356,0,0,0,0,0,18,0,0,0,0,4,0,0,0,0,0,1,0,0,0,0,23
243361,0,0,0,0,0,0,0,0,0,0,0,0,4,0,0,0,0,0,0,0,0,4
243372,0,0,3,0,0,0,0,0,0,0,0,0,0,0,0,0,0,0,0,0,0,3
243376,0,0,0,0,0,0,0,0,0,1,0,0,0,0,0,1,0,0,0,0,0,2
243385,0,0,0,0,0,0,0,0,0,0,0,0,0,0,0,0,2,0,0,0,0,2
244775,0,0,0,0,0,0,0,1,0,0,0,0,2,0,0,0,0,0,0,0,0,3
244782,0,0,1,0,0,0,0,0,0,0,0,0,0,0,0,0,0,0,0,0,0,1
244899,7,0,0,0,0,0,0,0,0,1,0,0,0,0,0,0,0,0,1,0,0,9
244902,1,0,0,0,0,0,48,0,0,0,2,0,0,0,1,0,0,3,1,1,1,58
245248,0,0,0,0,0,0,0,2,0,0,0,0,0,0,0,0,0,0,0,0,0,2
245249,0,1,0,0,0,2,2,1,0,2,3,2,1,1,172,2,3,1,0,1,0,194
245251,22,0,0,0,0,1,0,0,0,0,0,0,0,0,0,0,0,0,0,0,0,23
245252,0,0,0,0,1,0,0,0,0,0,0,0,0,0,0,0,0,0,0,0,0,1
245253,0,0,0,0,1,0,0,0,0,0,0,0,0,0,0,0,0,0,0,0,0,1
245257,0,1,0,0,0,0,0,0,0,0,0,0,0,0,0,0,0,0,0,0,0,1
245258,399,0,5,1,4,2,3,0,1,1,1,5,0,1,4,1,4,3,5,3,4,447
245262,0,0,0,0,0,0,0,0,0,0,0,0,0,0,7,0,0,0,0,0,0,7
245264,0,0,0,1,0,0,0,0,0,0,0,1,0,0,0,0,0,0,0,20,0,22
245265,0,0,0,0,0,0,0,0,0,0,1,0,0,0,0,0,0,0,0,0,0,1
245268,254,1,0,1,3,0,1,3,0,1,1,4,1,0,1,1,0,1,5,1,0,279
245270,1,0,0,0,1,0,0,0,0,0,14,0,0,0,0,0,0,0,0,0,0,16
245274,3,2,1,1,0,1,1,163,1,2,0,0,2,0,1,2,0,0,1,2,0,183
245278,0,0,0,0,0,0,0,0,0,1,0,0,12,0,0,0,0,0,0,0,0,13
245280,0,0,0,0,0,0,0,1,0,0,0,0,0,0,0,0,0,0,0,0,0,1
245282,0,0,0,0,0,0,0,0,0,0,0,0,1,0,0,2,0,0,0,0,0,3
245283,0,0,0,0,0,0,0,0,0,0,1,0,0,0,0,4,0,0,0,0,0,5
245286,0,0,0,0,0,0,0,0,0,0,0,9,0,0,0,0,1,0,0,0,0,10
245290,0,0,30,0,0,0,0,0,1,0,1,0,1,0,0,0,0,0,0,0,1,34
245293,0,0,0,0,0,0,0,0,0,0,0,0,0,0,0,0,1,0,0,0,0,1
245296,0,0,0,0,0,0,0,0,0,2,0,10,0,0,0,0,0,0,0,0,0,12
245297,0,0,0,0,0,0,0,0,0,0,0,0,15,0,0,0,0,0,0,0,0,15
245298,0,0,1,32,0,2,1,0,0,0,0,0,0,0,1,0,0,0,1,2,0,40
245300,0,0,17,0,0,0,0,1,0,0,0,0,0,0,0,0,0,3,1,0,0,22
245302,0,0,1,0,0,1,0,0,33,0,0,0,0,0,0,0,1,0,0,0,0,36
245306,0,0,0,19,0,0,0,0,0,0,0,0,0,0,0,0,0,0,0,0,0,19
245312,0,1,0,0,0,0,0,0,0,0,0,0,0,0,0,0,0,0,1,0,0,2
245313,0,0,0,0,0,0,0,0,1,0,0,0,0,0,0,0,0,0,1,0,12,14
245321,0,0,0,0,0,0,0,0,0,0,0,22,0,0,0,0,0,0,0,0,0,22
245322,1,1,4,2,0,1,192,2,0,2,1,1,0,1,0,1,1,2,0,2,0,214
245328,0,1,0,3,2,2,1,1,1,0,0,0,2,0,203,1,1,1,1,0,0,220
245329,18,0,0,0,0,0,0,0,0,1,0,0,0,0,0,0,1,0,0,1,0,21
245330,0,0,0,0,0,0,0,0,0,0,0,0,0,2,0,0,0,0,0,0,0,2
245332,0,0,0,0,0,0,0,0,0,0,0,0,0,0,0,0,0,0,2,0,0,2
245333,0,0,0,0,0,0,0,0,0,1,0,0,0,0,0,0,0,0,0,0,0,1
245336,0,0,0,0,0,0,0,0,0,0,0,0,0,0,0,0,0,1,0,0,26,27
245338,0,1,16,0,0,0,1,0,0,0,0,1,0,1,0,0,0,1,0,0,0,21
245340,0,0,0,0,0,0,0,0,0,0,0,6,0,0,1,0,0,0,0,0,0,7
245341,0,0,1,0,1,0,0,0,0,0,0,0,0,0,0,0,0,0,0,0,0,2
245342,0,0,0,0,0,0,0,0,6,1,0,0,0,0,0,0,0,0,0,0,0,7
245344,0,0,0,0,1,0,0,0,0,0,0,7,0,0,0,0,0,0,0,0,0,8
245346,1,4,1,0,0,0,1,1,1,0,0,1,1,1,206,0,0,0,0,0,0,218
245347,1,2,1,1,0,1,204,1,3,0,0,0,0,1,0,2,0,1,0,1,0,219
245348,0,0,0,0,0,0,0,0,0,0,0,0,0,0,0,0,1,0,0,0,0,1
245352,1,0,0,0,0,0,0,0,0,0,0,0,0,0,0,16,0,0,0,0,0,17
245360,15,0,0,0,1,0,0,1,0,0,0,0,0,0,0,0,0,0,1,0,0,18
245361,0,0,3,2,1,1,0,0,1,1,0,1,0,0,197,1,3,1,1,1,1,215
245362,11,0,0,0,0,0,0,0,0,0,0,0,0,0,0,0,0,0,0,0,1,12
245365,0,0,1,0,0,0,0,0,3,0,0,0,0,0,0,0,0,0,0,0,0,4
245369,0,0,0,0,0,0,0,0,0,0,0,0,0,0,0,0,1,0,0,1,26,28
245373,0,0,0,0,0,0,0,0,0,0,0,0,1,0,0,0,0,0,0,0,0,1
245377,13,0,0,0,0,0,0,0,0,0,0,1,0,0,1,0,0,0,0,0,0,15
245379,4,3,1,0,0,1,1,1,1,1,0,3,1,2,2,197,0,2,0,0,1,221
245380,0,0,0,0,0,0,0,0,0,0,1,0,0,0,0,0,0,0,0,0,0,1
245381,0,0,0,1,0,1,0,0,0,0,0,0,11,0,0,0,0,0,0,0,0,13
245382,0,0,0,0,0,0,0,0,0,0,0,0,17,0,0,0,0,0,0,0,0,17
245386,0,0,0,0,0,0,0,0,0,0,0,0,0,0,1,0,0,0,0,0,0,1
245392,0,0,0,0,0,0,0,0,0,0,0,0,0,0,1,0,0,0,0,0,0,1
245394,0,0,0,0,0,0,0,0,4,1,0,0,0,0,0,0,0,0,0,0,0,5
245396,0,0,0,0,0,0,0,0,0,1,0,0,0,0,0,0,0,0,0,0,0,1
245402,22,1,0,0,0,0,0,1,0,0,0,1,1,0,0,0,1,1,0,1,0,29
245404,0,0,0,0,0,0,0,1,8,0,0,0,0,0,0,0,0,0,0,0,0,9
245406,0,0,0,0,1,0,0,0,0,0,0,0,0,0,0,0,0,0,0,0,0,1
245410,0,0,0,0,0,0,0,0,0,0,0,0,0,1,0,0,0,0,0,1,0,2
245411,0,0,0,0,1,27,1,0,0,0,1,0,0,1,0,1,0,0,0,1,1,34
245412,0,0,0,0,0,0,0,0,0,0,2,0,0,0,0,1,0,0,0,0,0,3
245413,0,0,0,0,0,0,0,0,0,0,0,1,0,0,0,0,0,0,2,0,0,3
245416,0,0,0,0,1,0,0,0,0,0,0,0,0,0,0,0,0,0,0,0,0,1
245418,0,0,0,0,0,0,0,0,0,0,0,0,0,0,0,4,0,0,0,0,0,4
245426,0,0,0,0,0,0,0,0,2,0,0,0,0,0,0,0,0,0,0,0,0,2
245433,0,0,0,0,0,0,0,0,0,0,1,0,0,0,0,0,0,0,0,0,0,1
245443,0,0,0,0,0,0,0,0,1,0,0,0,0,0,0,0,0,0,1,0,0,2
245446,1,4,0,0,1,1,2,1,0,0,179,3,1,0,0,0,0,0,0,0,2,195
245447,0,0,0,0,0,0,1,1,0,0,0,0,0,0,0,0,0,0,0,0,0,2
245448,0,0,1,0,0,0,0,0,0,0,0,0,0,0,0,0,0,0,0,8,0,9
245449,0,1,0,0,0,0,0,0,0,0,0,0,0,0,0,0,0,0,0,0,0,1
245450,0,1,0,0,0,0,0,1,0,0,0,0,0,0,0,0,0,0,0,24,0,26
245456,0,0,6,0,0,0,0,0,0,0,0,0,0,0,0,0,0,0,1,0,0,7
245458,1,2,459,4,1,5,2,3,2,0,4,3,2,4,1,5,3,2,1,2,4,510
245461,0,1,0,2,0,0,0,0,1,0,0,0,13,0,1,0,0,0,0,0,0,18
245462,0,2,0,0,0,0,0,0,0,0,0,0,0,1,0,0,0,0,0,6,0,9
245464,0,0,0,0,0,0,0,0,0,0,0,2,0,0,0,0,0,0,0,0,0,2
245465,0,0,0,2,1,0,0,0,0,1,0,0,0,0,0,0,0,0,0,0,0,4
245466,0,1,0,1,1,0,0,1,0,1,0,0,0,37,0,0,0,0,0,0,0,42
245469,0,0,0,2,0,0,0,0,0,0,0,0,0,0,0,0,0,0,0,0,0,2
245475,0,0,0,0,0,0,0,0,0,0,0,0,1,0,0,0,0,0,0,0,43,44
245476,0,0,0,0,0,0,0,0,0,0,3,0,0,0,0,0,0,0,0,2,0,5
245480,3,2,1,2,1,2,2,2,185,1,1,4,0,1,0,1,0,1,1,0,0,210
245484,0,0,0,0,0,0,0,0,0,0,0,0,1,0,0,0,0,0,0,0,0,1
245489,1,2,0,1,0,94,0,0,1,0,1,0,0,0,2,0,0,3,0,0,0,105
245490,0,0,0,0,0,0,0,0,0,1,0,0,0,0,0,21,0,0,1,0,0,23
245493,0,0,0,0,0,0,0,0,4,0,0,0,0,0,0,0,0,0,0,0,1,5
245496,0,0,1,0,0,21,0,0,0,0,1,0,0,0,0,0,0,0,0,0,0,23
245497,0,0,0,0,0,0,0,0,0,0,0,0,0,0,3,0,0,0,0,0,0,3
245501,0,0,0,0,0,4,0,0,0,1,0,0,0,0,2,0,1,0,0,0,0,8
250880,0,0,0,0,0,0,0,0,1,0,0,0,0,0,1,0,0,0,1,1,0,4
250912,0,0,1,0,0,11,0,0,0,0,1,0,0,0,0,0,0,0,0,0,1,14
250920,0,0,0,0,0,0,0,0,0,0,0,0,1,0,0,0,0,0,0,0,0,1
251181,0,0,0,0,0,0,0,0,0,0,0,0,0,0,0,1,0,0,0,0,0,1
251421,0,0,0,3,0,0,0,0,0,0,0,0,0,0,0,0,0,0,0,0,0,3
251449,0,0,0,0,0,0,0,0,0,0,0,0,0,0,1,1,0,0,0,0,0,2
251453,0,0,4,0,0,0,0,1,1,1,0,0,0,0,0,0,0,0,0,0,0,7
251651,0,0,4,0,0,0,0,0,0,0,0,0,0,0,0,0,0,0,0,0,1,5
251660,0,0,0,0,0,0,0,1,0,0,0,0,0,0,0,0,0,0,0,0,0,1
251665,0,0,0,1,0,0,0,0,0,0,0,0,0,0,0,0,0,0,0,0,0,1
251668,0,0,0,0,0,0,0,0,0,0,0,0,0,0,0,0,0,0,0,0,1,1
251669,0,0,0,0,0,0,0,0,0,0,0,1,0,0,0,0,0,0,0,0,0,1
251672,0,0,0,0,0,0,0,0,0,0,0,0,0,0,0,0,0,1,1,0,0,2
251673,0,0,0,0,0,0,0,0,1,0,0,0,0,0,0,0,0,0,0,0,0,1
251676,0,0,0,0,0,0,0,0,0,0,0,0,0,0,0,0,0,0,0,11,0,11
251680,1,0,0,0,0,0,0,1,0,0,0,0,0,0,0,0,0,0,0,0,1,3
251684,0,0,0,0,0,0,1,0,0,0,0,0,0,0,0,0,1,0,0,0,0,2
251685,0,0,0,0,1,0,0,0,0,0,0,0,0,0,0,0,0,0,0,0,0,1
251692,1,2,1,1,0,0,1,1,112,0,0,0,1,2,1,0,0,1,2,0,0,126
251696,0,0,0,0,0,0,0,0,0,0,0,0,0,1,0,0,0,0,0,0,0,1
251697,1,1,0,0,0,0,0,0,0,0,1,0,0,0,0,2,0,0,0,0,1,6
251700,1,0,0,0,0,0,0,0,0,0,1,0,0,0,1,1,0,0,1,0,0,5
251704,0,0,0,0,0,0,0,0,0,0,0,0,0,0,0,0,0,1,0,0,0,1
251708,0,0,1,0,0,0,0,0,0,0,0,0,0,0,0,0,0,0,0,0,0,1
253045,1,2,0,24,0,1,0,1,2,0,0,0,1,0,0,0,0,0,0,0,1,33
253053,0,0,1,1,0,0,0,0,0,0,0,0,1,0,0,0,0,0,0,1,0,4
253285,0,0,0,0,0,0,1,1,0,0,0,0,0,0,1,0,0,0,1,0,0,4
253301,1,0,0,0,0,0,0,0,0,0,0,0,0,0,0,0,0,0,0,0,0,1
253517,0,0,0,0,1,0,1,0,0,0,0,0,0,0,0,0,0,0,0,0,0,2
253521,0,0,0,0,0,0,1,0,0,0,0,0,0,0,0,0,0,0,0,0,0,1
253529,0,0,0,0,0,0,0,0,0,0,0,0,0,0,0,3,0,0,0,0,0,3
253541,0,1,0,0,0,0,0,0,1,0,0,0,0,0,0,0,0,0,0,1,0,3
253545,0,0,0,0,0,0,0,0,0,0,0,0,0,0,0,0,0,1,0,0,0,1
253553,0,0,0,0,0,1,0,0,0,1,0,0,0,0,0,0,0,0,0,1,1,4
253557,0,0,0,0,0,0,0,0,0,0,0,0,1,1,1,0,0,0,0,0,0,3
253760,0,1,0,0,0,3,0,0,0,0,0,0,0,2,0,0,0,0,0,0,0,6
253765,0,0,0,0,0,0,0,1,0,0,1,0,0,0,0,0,0,0,0,0,0,2
253768,0,0,0,4,0,0,1,0,0,0,0,0,0,0,0,0,0,0,0,0,0,5
253772,0,0,0,0,0,1,0,0,0,0,0,1,0,0,0,0,0,0,0,0,0,2
253776,0,1,1,1,0,4,1,0,16,0,0,0,0,0,1,0,0,0,0,0,1,26
253788,0,0,0,0,0,0,1,0,0,0,0,0,0,1,1,0,0,0,8,0,1,12
253792,0,0,1,0,1,0,0,0,0,0,0,0,0,0,0,0,0,0,0,0,0,2
253796,0,0,0,0,0,0,1,0,1,0,0,0,0,0,0,0,0,0,0,0,0,2
253800,0,0,0,0,0,0,0,0,0,0,0,5,0,0,0,0,0,0,0,0,0,5
253804,0,0,0,0,0,0,0,0,0,0,0,0,0,0,0,1,0,0,0,0,0,1
253808,1,0,0,0,0,0,0,1,0,0,0,0,0,1,0,0,0,0,0,0,0,3
253812,0,0,0,0,0,0,0,0,0,0,0,0,0,1,0,0,0,0,0,0,0,1
253816,0,0,0,0,0,0,0,0,0,0,0,2,0,0,0,0,0,0,0,0,0,2
253820,0,0,0,4,0,0,0,0,0,0,0,0,0,0,0,0,1,0,0,0,0,5
255018,1,0,0,0,0,0,0,0,0,0,0,0,0,0,1,0,0,0,0,0,0,2
256002,0,1,0,0,0,0,0,0,1,0,0,0,0,0,0,0,0,0,0,0,0,2
256003,0,0,0,0,0,0,0,0,0,0,0,2,0,0,0,0,0,0,0,0,0,2
256006,0,0,0,0,0,0,0,0,0,0,0,0,0,1,1,0,0,0,0,0,1,3
256010,0,0,0,0,11,0,0,0,1,0,0,0,0,1,0,0,0,1,0,0,0,14
256014,0,0,0,0,0,0,0,0,0,0,0,0,0,1,0,0,0,0,0,3,0,4
256018,0,0,0,0,0,0,0,0,0,0,0,1,0,0,0,0,0,0,0,0,0,1
256022,0,0,0,0,0,0,0,0,0,0,0,0,0,4,0,0,0,0,0,0,0,4
256026,0,0,0,1,0,0,0,0,1,0,0,0,0,0,0,0,0,0,0,0,0,2
256032,0,1,0,0,0,1,1,0,0,1,0,0,1,1,1,0,86,0,1,0,0,94
256034,0,0,0,0,0,0,1,1,0,0,0,0,0,0,0,0,0,0,0,0,0,2
256035,0,0,1,0,0,0,0,0,0,0,0,0,0,0,0,0,0,0,0,0,0,1
256040,0,0,0,0,0,0,0,0,0,1,0,0,0,0,0,0,0,0,0,0,0,1
256042,0,1,0,0,0,0,0,0,0,1,0,0,0,0,0,0,0,0,0,0,0,2
256050,0,1,1,0,0,0,1,0,0,0,1,0,1,0,0,0,0,0,0,0,0,5
256054,0,1,0,0,5,0,0,0,1,0,0,0,0,0,0,0,0,0,0,0,0,7
256058,0,0,0,0,0,0,0,0,0,0,0,1,0,0,0,0,0,0,0,0,0,1
256266,0,1,0,0,0,0,0,0,0,0,0,0,0,0,0,0,0,2,0,0,0,3
256270,0,0,0,0,0,0,0,0,0,0,0,0,0,0,0,0,1,0,0,0,0,1
256272,1,0,0,0,0,0,0,0,0,0,0,0,0,0,0,0,0,0,0,0,0,1
256277,1,0,0,0,0,0,0,0,0,0,0,0,0,0,0,0,0,0,0,0,0,1
256285,0,0,0,2,0,0,0,0,0,0,0,0,1,0,0,0,0,0,0,1,0,4
256286,0,0,0,0,0,0,1,0,0,0,0,0,0,0,0,0,0,0,0,0,0,1
256288,0,0,0,0,11,1,0,0,0,1,0,0,0,0,0,0,0,0,0,0,0,13
256290,0,0,0,0,0,0,0,0,0,0,0,0,0,0,0,3,0,0,0,0,1,4
256291,1,3,0,0,0,1,1,0,2,3,0,0,1,0,2,1,2,1,210,1,1,230
256296,0,0,0,0,0,0,0,0,0,0,0,1,0,0,0,0,0,0,0,0,0,1
256298,1,0,1,0,0,0,0,0,0,0,0,0,0,0,0,0,0,0,0,0,0,2
256305,0,0,0,0,0,0,0,0,0,0,0,0,0,0,0,0,3,0,0,1,1,5
256314,0,0,0,0,0,0,0,0,0,0,0,0,0,0,0,0,0,0,0,1,0,1
256317,0,0,2,0,0,0,0,0,0,0,1,1,0,0,0,0,0,0,0,0,1,5
256512,0,0,0,0,0,0,0,1,0,0,0,0,0,0,0,0,10,0,0,0,0,11
256513,0,0,8,0,0,0,0,0,0,0,0,1,0,0,0,0,0,0,0,0,0,9
256515,0,0,0,0,1,0,0,0,0,0,0,0,0,0,0,0,0,0,0,0,0,1
256522,0,0,0,0,0,0,0,0,0,1,0,0,0,0,0,0,0,0,0,0,1,2
256526,0,0,0,19,0,0,0,0,0,0,0,0,0,0,0,0,0,0,0,0,0,19
256528,0,0,0,1,0,8,0,0,1,0,1,0,0,0,3,0,0,0,0,0,0,14
256529,0,0,0,0,0,0,1,0,0,0,0,0,0,1,0,0,0,0,0,0,0,2
256532,0,0,0,0,0,0,0,0,0,0,0,0,0,0,0,0,0,0,0,0,1,1
256537,0,0,0,0,1,0,0,0,0,0,0,0,0,0,0,0,0,0,0,0,0,1
256542,0,0,0,0,0,0,1,0,0,0,0,0,0,0,0,0,0,0,0,0,0,1
256544,11,0,1,0,0,0,0,0,0,0,0,0,0,1,0,0,0,0,0,0,0,13
256547,1,0,0,0,0,0,0,0,0,0,0,0,0,0,0,0,0,0,0,0,0,1
256552,0,0,0,0,0,0,0,1,0,0,0,0,0,0,1,0,2,0,0,0,1,5
256558,19,0,0,0,0,0,0,0,0,0,0,0,0,0,0,0,0,6,0,0,0,25
256560,0,0,0,0,0,1,0,0,0,0,0,0,0,0,0,0,0,0,0,0,1,2
256566,0,0,0,0,0,0,0,0,0,0,1,1,0,0,0,0,0,0,0,0,0,2
256568,0,0,0,0,0,0,0,0,0,0,0,0,0,0,0,0,0,0,0,1,0,1
256768,0,0,0,0,0,0,0,0,2,0,0,0,0,0,0,0,0,0,0,0,0,2
256770,0,0,1,0,0,0,0,0,0,0,1,0,0,0,0,0,0,0,0,0,0,2
256771,0,0,0,0,0,0,0,0,25,0,0,1,0,0,1,0,1,0,0,0,0,28
256772,1,0,0,1,0,0,0,0,0,1,0,0,0,0,0,0,0,16,0,0,1,20
256776,0,0,0,0,0,0,0,0,0,0,0,0,0,0,2,0,0,0,4,1,0,7
256782,0,0,0,0,0,0,0,0,0,0,0,1,0,1,0,0,0,0,3,0,0,5
256784,2,1,1,1,1,203,1,0,0,0,2,0,2,2,0,2,2,0,2,4,0,226
256785,0,0,0,0,0,0,0,0,5,0,0,0,0,0,1,0,0,0,0,0,0,6
256788,0,0,0,2,0,0,0,0,0,0,0,0,0,0,0,0,0,0,0,0,0,2
256792,0,0,0,0,0,0,0,0,0,1,0,2,0,0,0,0,0,0,0,0,0,3
256793,0,0,0,0,0,0,0,0,0,0,0,0,0,0,0,0,0,1,0,0,0,1
256794,0,0,0,0,0,0,0,0,0,0,0,1,0,0,0,0,0,0,0,0,0,1
256796,0,0,0,1,0,0,0,1,0,0,0,0,0,0,1,0,0,0,0,0,0,3
256797,0,0,0,1,0,0,0,0,0,0,0,0,1,0,0,0,0,0,0,0,1,3
256798,0,0,0,0,2,0,0,0,0,0,0,0,0,0,0,0,0,0,0,0,1,3
256800,0,0,0,0,0,0,0,0,0,0,0,5,0,0,0,0,0,0,0,1,0,6
256801,0,0,0,0,0,0,0,0,0,0,0,0,0,0,0,0,8,0,0,0,0,8
256803,0,0,0,0,16,0,0,0,1,0,0,0,1,0,0,0,0,0,0,0,0,18
256804,0,1,0,0,0,0,1,0,1,0,0,0,0,1,0,0,0,0,0,0,0,4
256806,1,0,0,0,0,0,0,0,0,0,0,0,0,0,0,0,0,0,0,0,0,1
256810,0,1,0,23,0,0,0,0,0,1,0,0,0,0,0,0,0,1,0,0,0,26
256812,0,1,0,0,0,0,1,0,0,0,0,0,0,0,0,0,0,0,0,0,0,2
256813,0,0,0,0,0,0,0,0,0,0,0,0,0,0,0,3,0,0,0,0,0,3
256814,0,0,0,0,0,0,0,0,0,0,0,0,0,1,0,0,3,0,0,0,0,4
256816,1,0,0,2,0,0,0,0,0,0,0,0,0,0,0,0,0,0,0,0,0,3
256817,1,0,5,0,1,0,0,0,0,0,0,0,0,0,0,0,0,0,0,0,0,7
256820,0,0,0,0,0,3,0,0,0,0,0,0,0,1,0,0,0,0,0,0,0,4
256821,0,0,0,0,0,0,0,0,0,0,1,0,0,0,0,16,0,0,0,0,0,17
256822,0,0,0,0,0,0,1,0,0,0,0,0,1,0,0,0,0,0,0,0,1,3
256824,0,0,0,0,0,4,0,0,0,0,0,1,0,0,0,0,0,0,0,0,0,5
256825,0,0,1,0,0,0,0,0,0,0,0,0,0,0,0,0,0,0,0,0,0,1
256826,0,0,0,0,0,0,1,0,0,0,0,0,0,0,0,0,0,0,0,0,0,1
256828,0,0,0,0,0,0,0,0,0,0,0,0,0,0,0,0,1,0,11,0,0,12
256829,0,0,1,0,0,0,0,0,0,0,0,0,0,0,0,0,0,0,0,2,0,3
257063,0,0,0,0,0,0,0,1,0,0,0,0,0,0,0,0,0,0,0,0,0,1
257078,0,1,0,0,0,0,0,0,0,0,0,3,0,0,0,0,0,0,0,0,0,4
257088,0,0,11,0,0,0,0,0,0,0,0,0,0,0,0,0,0,1,0,0,0,12
257092,0,0,0,0,0,0,1,0,1,0,1,0,0,0,0,0,0,0,0,0,0,3
257094,0,0,0,0,0,0,0,0,0,0,0,0,0,0,0,0,0,0,1,0,0,1
257102,1,0,0,0,0,0,0,0,0,0,0,0,0,0,0,0,0,0,0,0,0,1
257108,0,0,0,0,0,0,0,0,1,0,0,0,0,0,0,0,0,0,0,0,1,2
257114,0,0,0,0,0,0,1,0,0,0,0,0,0,0,0,0,0,0,0,0,0,1
257118,0,0,0,0,0,0,0,0,0,0,0,0,0,0,0,1,0,0,0,0,0,1
257124,1,0,0,0,0,0,0,0,0,0,0,0,0,0,0,0,0,0,0,0,0,1
257146,0,0,0,0,0,0,0,0,0,0,0,1,0,0,0,0,0,0,0,1,0,2
257302,0,0,0,1,0,0,0,0,0,0,1,0,0,0,0,0,0,0,0,0,0,2
257318,0,0,0,0,0,0,0,0,0,0,0,0,0,1,0,0,0,0,0,0,0,1
257333,0,0,0,0,0,1,0,0,0,0,0,0,0,0,0,0,0,0,0,0,0,1
257344,0,1,0,1,0,0,0,0,0,0,0,0,0,0,0,3,0,0,0,0,0,5
257360,1,0,0,0,0,0,0,0,0,0,0,1,0,0,0,0,0,1,0,0,0,3
257364,0,0,0,0,0,0,0,0,1,0,0,0,0,0,0,0,0,0,0,0,0,1
257372,1,0,0,0,0,0,0,0,0,0,0,0,0,0,0,0,0,0,0,0,0,1
257373,0,0,0,0,0,0,0,0,0,0,0,0,0,0,0,2,0,0,0,0,0,2
257376,0,1,2,0,0,2,0,0,0,0,1,0,0,0,0,0,0,0,0,0,0,6
257377,1,0,0,0,4,0,0,0,1,0,0,0,0,0,0,0,1,0,0,1,0,8
257378,1,0,0,0,1,0,0,0,0,0,0,0,1,0,1,0,0,0,0,1,0,5
257379,1,0,0,0,0,0,1,0,0,1,0,0,1,0,0,0,0,0,1,0,0,5
257393,0,0,0,0,0,0,0,0,0,0,0,0,1,0,0,0,0,0,0,0,0,1
257401,0,0,0,0,0,0,0,0,0,1,0,0,0,0,0,0,0,0,0,0,0,1
257402,0,0,0,0,0,0,0,0,0,0,0,0,0,1,0,1,0,0,0,0,0,2
257405,0,1,0,0,0,0,0,1,0,0,0,0,0,0,0,0,1,1,0,1,0,5
257589,0,0,0,0,3,0,0,0,0,0,0,0,0,0,0,0,0,0,0,0,0,3
257600,0,0,0,0,0,0,0,0,0,0,0,0,0,0,0,0,0,1,0,0,0,1
257601,0,0,0,0,0,0,0,1,0,0,2,0,0,0,0,0,0,0,0,0,1,4
257604,0,0,0,0,0,0,0,0,0,0,0,0,0,0,0,1,0,0,0,0,0,1
257609,0,0,0,0,0,0,0,1,0,0,0,0,1,1,0,0,1,0,0,0,0,4
257610,0,0,0,0,0,0,0,1,1,0,1,0,0,0,0,0,1,0,0,0,1,5
257616,0,1,0,3,0,0,0,0,0,0,0,0,0,0,0,0,0,0,0,0,0,4
257617,2,0,0,0,0,21,0,0,0,0,0,0,0,0,1,0,0,0,0,0,0,24
257620,0,0,0,0,0,0,0,0,0,0,0,0,0,0,0,1,0,0,0,0,0,1
257625,1,0,0,0,0,0,0,0,1,0,0,0,0,0,0,0,0,0,0,0,0,2
257626,0,0,0,0,0,0,0,0,0,1,0,0,0,0,0,1,1,0,0,0,0,3
257632,0,0,0,0,0,0,0,1,0,1,0,0,0,0,1,0,1,0,0,0,1,5
257636,0,0,0,0,1,0,1,0,0,0,0,0,0,1,0,0,0,0,0,0,0,3
257640,0,0,0,0,0,0,0,0,0,1,0,0,0,0,0,0,0,0,0,0,0,1
257642,0,0,1,0,0,0,0,0,0,0,0,0,0,0,0,0,0,0,0,0,0,1
257644,0,0,0,0,0,0,0,0,0,0,0,0,0,0,0,0,1,0,0,0,0,1
257645,0,0,0,0,0,0,0,0,0,0,0,0,0,0,0,0,0,0,1,1,0,2
257648,0,1,0,12,0,0,1,0,0,1,0,0,1,0,1,0,0,0,0,0,1,18
257650,0,0,0,0,0,0,0,0,0,0,0,0,0,1,0,0,0,0,0,0,0,1
257656,0,0,0,0,0,0,0,0,0,0,0,1,0,0,0,0,0,0,0,1,0,2
257658,0,0,0,0,0,0,1,0,0,1,0,0,0,0,0,0,0,0,0,0,0,2
257661,0,0,0,0,0,0,0,0,0,1,0,0,0,0,0,0,0,0,1,0,0,2
257799,0,0,0,0,0,0,0,0,0,0,0,0,0,0,0,1,0,0,0,0,0,1
257857,0,0,0,0,0,0,0,1,0,0,0,0,0,0,0,0,0,0,0,0,0,1
257859,0,0,0,0,0,0,0,0,0,0,0,1,0,0,0,0,0,0,0,0,0,1
257865,0,0,12,0,0,0,0,0,0,0,1,0,0,0,2,0,1,0,0,0,0,16
257869,0,0,0,2,0,0,0,0,0,0,0,0,0,0,0,0,0,0,0,0,0,2
257870,0,0,0,0,1,0,1,0,0,0,0,0,0,0,0,0,0,0,0,0,0,2
257872,1,1,0,1,3,0,0,0,0,1,0,0,0,0,0,0,0,0,0,1,0,8
257873,0,0,0,0,0,0,0,1,0,0,0,0,0,0,0,0,0,0,0,0,0,1
257874,0,0,0,1,0,0,0,0,0,0,1,0,0,0,0,0,1,1,0,0,0,4
257876,3,0,20,0,0,0,0,0,2,0,0,0,0,0,1,0,0,0,0,0,0,26
257877,0,0,0,0,0,0,0,0,1,0,0,0,0,0,0,0,0,0,0,0,0,1
257878,0,0,0,0,0,0,0,0,0,0,0,0,0,0,0,0,0,0,0,1,0,1
257881,0,0,0,0,1,0,0,0,0,0,0,0,0,0,0,0,0,0,0,0,0,1
257882,0,0,0,0,0,0,0,1,3,0,0,0,1,0,0,0,0,0,0,1,0,6
257884,0,1,0,1,0,0,0,1,0,0,0,0,0,0,0,0,0,0,0,0,0,3
257888,0,0,0,0,3,0,0,0,0,1,0,0,0,0,0,0,0,0,0,0,0,4
257892,0,0,0,0,0,0,0,0,0,1,0,0,0,0,0,1,0,0,0,0,0,2
257893,0,0,0,0,1,0,0,0,0,0,0,0,0,0,0,0,0,0,0,0,0,1
257894,0,0,0,0,0,0,0,1,0,0,0,0,0,0,0,0,0,0,0,0,0,1
257896,0,0,0,2,0,0,0,0,0,0,0,0,0,0,0,1,0,0,0,0,0,3
257897,0,1,0,0,0,0,0,0,2,0,0,0,0,0,0,0,0,0,0,0,0,3
257898,1,0,0,0,0,0,1,0,0,1,0,0,0,0,0,0,0,1,0,0,0,4
257901,0,1,0,0,0,3,0,0,0,0,0,0,1,0,0,1,0,1,0,0,0,7
257904,0,1,0,0,1,6,0,0,0,0,0,0,0,0,1,0,0,1,0,1,0,11
257905,0,0,0,0,0,0,0,0,0,0,0,0,0,0,0,0,0,0,6,0,0,6
257906,0,0,0,0,0,0,0,0,1,1,0,0,0,0,0,0,1,0,0,0,0,3
257908,0,0,0,0,0,0,0,0,0,0,0,1,0,0,0,0,0,0,0,0,0,1
257910,0,0,0,0,0,0,0,1,18,1,2,0,1,0,1,0,0,0,0,1,2,27
257916,0,0,0,4,0,0,0,0,0,0,0,1,0,0,0,0,0,0,0,0,0,5
257917,0,0,0,0,0,0,0,0,0,0,0,2,0,0,0,0,0,0,0,0,0,2
259257,0,0,1,0,0,0,0,0,1,0,0,0,0,0,0,0,0,0,0,0,0,2
259466,0,0,0,0,0,0,0,0,0,0,0,7,0,0,0,0,0,0,0,0,0,7
259481,0,0,0,0,0,0,1,0,0,0,0,0,0,0,1,17,0,0,0,0,1,20
259490,0,0,0,2,0,0,0,0,0,0,1,0,0,0,0,0,0,2,0,0,0,5
259493,0,0,0,0,0,0,0,0,0,0,0,0,0,0,0,0,0,0,0,15,0,15
259725,0,0,0,0,0,0,0,0,0,0,0,0,0,0,4,0,0,0,0,0,0,4
259749,0,0,0,0,0,9,0,0,0,0,0,0,0,0,0,0,0,0,1,0,0,10
259769,0,0,0,0,1,0,0,0,0,0,1,0,0,0,0,0,0,0,1,0,0,3
259980,0,2,32,0,0,0,0,0,0,0,0,0,0,0,1,0,0,0,1,0,0,36
259992,0,0,0,0,1,0,0,0,0,0,0,0,0,0,0,0,0,0,0,0,0,1
260016,0,0,0,0,0,0,0,0,0,0,0,0,0,0,0,0,0,1,0,0,0,1
260020,0,0,0,0,0,0,0,0,0,0,0,1,0,0,1,0,0,0,0,0,0,2
260154,3,2,2,2,2,3,1,1,1,5,2,4,1,1,403,2,7,3,5,3,3,456
260224,0,0,0,0,0,0,0,0,0,0,0,0,0,0,0,0,0,0,0,1,0,1
260225,0,0,0,0,0,0,0,0,0,0,0,0,0,0,0,0,0,1,0,0,0,1
260229,0,0,4,0,0,0,0,0,0,0,0,0,1,0,0,0,0,0,0,1,0,6
260233,0,0,0,0,1,0,0,0,2,0,0,0,0,0,0,0,0,0,0,0,0,3
260235,0,0,0,0,0,0,0,0,0,0,6,0,0,0,0,0,0,0,0,0,0,6
260240,0,0,0,0,0,0,1,0,0,0,0,0,0,0,0,8,0,0,0,0,0,9
260242,1,0,0,0,0,0,0,0,0,0,0,0,0,0,0,2,0,0,0,1,0,4
260250,0,0,0,0,0,0,0,1,0,0,2,0,1,0,0,0,0,0,42,0,0,46
260253,0,0,0,0,0,0,0,0,0,0,0,0,0,0,0,0,0,0,0,1,0,1
260254,0,0,0,0,0,0,0,6,0,0,0,1,0,0,0,0,0,0,0,0,0,7
260262,0,5,0,0,0,0,0,0,0,0,0,0,0,0,0,0,0,0,0,0,0,5
260266,1,0,0,0,0,0,0,2,0,30,0,0,0,0,1,1,0,1,0,0,0,36
260270,0,0,0,0,0,0,0,0,0,0,18,0,0,0,0,0,0,0,0,0,0,18
260272,0,0,0,0,0,0,0,2,0,0,0,0,0,0,0,0,0,0,0,0,0,2
260274,0,0,1,0,0,0,0,0,0,0,0,0,0,0,0,0,0,0,0,0,0,1
260277,0,0,0,0,0,0,0,0,0,0,0,1,0,0,0,0,0,0,0,0,0,1
260282,1,1,1,1,0,1,1,0,1,0,0,1,0,1,1,0,1,1,0,1,54,67
260285,0,0,0,0,0,1,0,0,0,0,0,0,0,0,0,0,0,0,0,0,0,1
260286,0,0,0,0,0,0,0,1,0,0,0,0,0,0,0,0,0,12,0,0,0,13
260363,2,1,2,2,2,0,241,0,0,1,1,1,1,1,0,3,1,0,2,1,0,262
260378,0,0,0,0,0,0,0,0,0,0,1,0,0,0,12,0,0,0,0,0,0,13
260394,0,0,2,0,1,1,0,1,0,0,1,0,0,182,0,2,1,1,0,0,0,192
260480,1,0,0,0,0,0,0,0,0,0,0,0,0,0,0,0,0,0,0,0,0,1
260486,0,0,0,0,0,0,0,0,0,0,0,0,0,0,0,0,0,1,0,0,0,1
260489,0,1,1,0,0,0,2,0,1,0,0,0,0,2,0,0,0,0,29,0,0,36
260491,0,0,0,0,0,0,0,0,0,0,0,1,0,0,0,0,0,0,0,1,0,2
260509,0,0,0,1,0,0,0,0,1,0,0,0,0,1,2,26,0,0,0,0,0,31
260510,0,0,0,0,0,0,0,0,2,0,0,0,0,0,0,0,0,0,0,0,0,2
260515,0,0,0,0,0,0,0,0,0,0,0,0,5,0,0,0,0,0,0,0,0,5
260517,0,0,0,9,0,0,0,0,0,0,0,0,0,0,0,0,0,0,0,0,0,9
260518,0,0,0,0,1,0,0,1,1,0,0,0,0,0,0,0,0,14,0,0,0,17
260521,0,0,3,1,0,0,0,0,0,0,0,0,0,0,0,0,0,0,0,0,0,4
260522,0,2,6,1,0,1,5,2,2,1,0,2,2,1,2,1,289,0,3,2,4,326
260525,0,0,0,0,0,0,0,1,0,0,0,0,0,0,1,14,0,0,0,0,0,16
260528,0,0,0,0,0,0,0,9,1,0,0,0,0,0,0,0,0,0,0,0,0,10
260538,0,0,0,0,0,0,0,0,5,0,0,0,0,0,0,0,0,0,0,0,0,5
260541,0,0,0,151,0,1,1,0,1,0,2,1,0,1,2,1,0,0,0,2,3,166
260650,0,0,0,0,0,1,0,0,0,0,0,0,0,0,0,0,0,0,0,0,0,1
260665,1,0,0,2,0,0,0,0,0,0,0,0,0,0,0,1,0,0,0,0,20,24
260737,1,0,0,0,0,0,0,0,0,0,0,0,0,0,0,0,0,0,0,0,0,1
260739,1,1,0,0,0,0,2,0,0,0,0,0,0,0,0,0,0,0,0,0,5,9
260741,0,1,2,0,1,0,1,0,2,3,2,2,242,0,0,5,2,1,0,2,3,269
260752,0,0,0,0,1,0,0,0,0,0,0,0,0,0,0,0,0,0,0,0,0,1
260753,0,0,0,0,0,0,1,5,0,0,0,0,0,0,0,0,0,0,0,0,0,6
260762,0,0,0,0,0,0,0,0,0,0,0,0,0,0,1,0,0,0,0,0,0,1
260770,0,0,0,0,0,0,0,0,1,0,21,0,0,0,0,0,0,0,0,0,0,22
260794,0,0,1,0,0,0,0,0,0,0,0,0,0,0,0,0,0,0,0,0,0,1
260797,0,0,0,0,0,0,0,0,27,0,0,0,0,0,0,1,0,0,0,0,0,28
260874,0,0,0,1,0,2,0,0,0,0,0,0,0,0,0,0,0,0,0,0,0,3
260992,0,0,0,1,0,0,0,0,0,0,0,0,0,0,1,0,0,0,0,0,0,2
260995,0,0,0,0,0,0,0,0,0,0,0,0,3,0,1,0,0,0,0,0,0,4
260996,0,1,0,1,0,3,171,2,1,0,2,3,1,0,1,1,1,1,1,1,0,191
260997,0,0,1,0,0,0,1,1,19,0,0,0,0,0,0,1,0,0,0,0,0,23
261002,0,0,0,0,1,0,0,0,0,0,0,0,0,0,0,0,0,0,0,0,0,1
261008,0,0,0,0,0,0,0,0,2,0,0,0,0,0,0,0,0,0,0,0,0,2
261010,0,0,1,0,1,177,0,1,0,1,2,2,1,5,0,0,0,1,1,1,0,194
261011,0,0,0,0,0,1,0,0,0,0,0,0,0,0,0,0,0,0,1,0,0,2
261012,0,0,0,0,0,0,0,0,2,0,0,0,0,0,0,0,0,0,0,0,0,2
261013,0,0,0,0,0,1,0,0,0,0,0,0,0,0,0,0,0,0,0,0,0,1
261014,0,0,0,0,0,0,0,0,0,0,0,0,6,1,0,0,0,0,0,1,0,8
261018,0,0,0,1,0,1,0,1,1,0,0,0,0,57,1,1,0,0,0,2,0,65
261026,0,0,0,0,0,0,0,0,0,0,19,0,0,0,0,0,0,0,0,0,0,19
261028,0,0,1,0,0,0,0,0,0,0,0,0,0,0,0,0,0,2,0,0,0,3
261029,0,0,0,0,0,0,0,0,0,0,0,0,0,0,0,0,0,0,0,1,0,1
261034,0,0,1,0,0,0,0,0,0,0,0,0,0,0,0,0,0,0,0,0,0,1
261037,0,4,0,0,0,1,0,0,0,0,0,0,0,1,0,1,0,19,0,0,1,27
261041,1,0,0,18,1,0,0,0,2,0,1,0,0,0,0,0,0,0,0,0,0,23
261050,0,0,0,0,0,0,0,0,0,0,0,0,0,17,0,0,0,1,0,0,0,18
261123,0,0,0,0,0,1,0,0,0,0,0,0,0,0,0,0,0,0,0,1,0,2
261130,0,0,0,0,0,0,0,0,0,0,1,0,0,0,0,0,0,0,0,0,0,1
261133,0,0,0,0,0,0,0,1,0,0,0,0,0,0,0,0,0,0,0,0,0,1
261134,0,0,0,1,0,0,0,0,0,0,0,0,0,0,0,0,0,0,0,0,0,1
261135,0,0,1,0,31,0,0,0,0,0,0,0,0,0,0,0,0,0,0,0,1,33
261138,0,0,0,0,1,0,0,0,1,0,0,0,0,0,0,0,0,0,0,0,0,2
261139,0,0,0,2,0,0,0,0,0,0,0,0,0,0,0,0,0,0,0,0,0,2
261142,0,0,0,0,0,0,0,0,0,0,0,0,0,4,0,0,0,0,0,0,0,4
261144,0,0,0,1,0,0,1,0,0,0,0,0,0,0,0,0,0,0,0,0,0,2
261146,0,0,0,0,0,0,0,1,0,0,0,0,0,0,9,0,0,1,0,1,1,13
261149,0,1,6,0,0,0,0,0,0,0,0,1,0,0,0,1,0,1,0,0,0,10
261150,1,0,0,0,0,0,0,0,1,0,0,1,0,0,0,10,0,0,0,0,0,13
261159,0,0,0,0,0,5,0,0,0,0,0,0,0,0,0,0,0,0,0,0,0,5
261160,0,0,0,4,0,0,0,0,1,0,1,0,0,0,0,0,0,0,0,0,0,6
261162,0,0,0,0,0,0,0,1,0,1,0,0,0,0,0,0,0,0,0,0,0,2
261163,0,1,0,0,3,0,0,0,0,0,0,0,0,0,0,0,0,0,0,0,0,4
261165,0,0,1,0,0,0,0,0,0,0,0,0,0,0,0,0,0,0,0,0,0,1
261166,0,0,0,0,0,0,0,0,0,0,0,0,0,0,0,0,1,0,0,0,0,1
261168,0,0,0,0,0,1,0,0,0,0,0,0,1,16,0,0,2,1,0,0,0,21
261170,3,0,0,0,0,0,0,0,0,0,0,0,0,0,0,0,0,0,0,0,0,3
261171,0,0,0,0,0,0,0,0,0,0,0,0,0,0,0,3,0,0,0,0,0,3
261172,1,0,0,3,0,0,0,0,0,0,0,0,0,0,0,0,0,0,0,0,0,4
261174,0,0,0,0,0,0,0,0,2,0,2,1,24,0,0,0,0,0,1,0,0,30
261175,0,1,0,1,0,0,4,0,0,0,0,0,27,0,0,0,0,1,0,0,1,35
261176,0,0,1,2,2,0,1,1,2,1,0,2,1,0,217,0,1,0,0,1,3,235
261178,1,1,0,0,0,0,0,2,0,0,0,0,0,1,1,0,0,0,0,59,0,65
261179,1,1,0,1,2,2,2,2,0,1,2,0,1,4,2,273,1,0,1,1,2,299
261182,0,0,0,0,0,0,0,0,0,1,0,0,0,0,1,24,0,2,0,0,0,28
261183,0,0,0,0,0,0,0,0,0,0,0,0,1,0,0,0,0,0,0,0,0,1
261191,0,1,26,0,0,0,0,0,1,0,0,0,0,0,1,0,0,0,0,0,0,29
261195,0,0,5,0,0,0,0,0,0,0,0,0,0,0,0,0,0,0,0,0,0,5
261198,0,0,0,0,0,0,0,0,0,0,0,0,1,0,6,0,0,0,0,1,0,8
261199,0,0,0,0,0,0,0,0,0,0,0,0,0,3,0,0,0,0,0,0,1,4
261203,0,0,0,0,0,2,0,0,0,0,0,0,0,0,0,0,0,0,0,0,0,2
261206,0,0,0,0,0,0,0,0,0,0,0,0,0,0,0,0,0,0,1,0,0,1
261207,1,0,0,0,11,0,1,0,0,0,0,0,0,0,0,0,1,0,0,0,0,14
261208,0,0,0,0,0,0,0,0,0,0,0,0,0,0,0,1,0,0,0,0,0,1
261210,0,0,0,0,0,0,0,0,0,0,1,0,0,0,0,0,0,0,0,0,0,1
261211,0,0,0,0,1,0,0,1,0,0,0,0,0,0,0,0,0,2,0,0,0,4
261213,0,0,0,1,0,0,0,0,0,0,0,0,0,0,0,0,0,0,0,0,0,1
261214,0,0,0,0,13,0,0,0,0,0,0,1,0,0,0,0,1,1,0,0,0,16
261215,0,0,0,16,0,0,0,0,0,0,0,0,0,0,1,2,0,0,0,1,0,20
261218,0,1,0,0,1,0,0,1,0,0,0,1,14,0,0,0,0,0,1,1,0,20
261219,1,0,0,0,0,0,0,1,0,1,0,0,0,0,0,0,1,0,0,0,1,5
261223,0,0,1,1,178,1,0,1,1,1,2,4,2,1,2,2,1,2,2,0,1,203
261227,0,0,0,0,0,0,0,2,0,0,0,0,0,0,0,0,0,0,0,0,0,2
261229,0,0,0,0,0,0,1,0,0,0,0,0,0,0,0,0,0,0,1,0,0,2
261230,0,0,13,0,0,0,0,0,1,0,0,0,0,0,0,0,0,0,0,0,1,15
261231,0,0,0,0,1,0,0,1,0,0,0,0,0,0,21,0,0,1,0,0,0,24
261232,0,0,0,0,0,0,0,0,0,0,0,0,0,0,0,1,0,0,0,0,0,1
261234,0,0,0,24,1,0,0,0,0,0,0,0,0,0,0,0,0,0,1,0,0,26
261235,0,1,0,0,0,0,1,0,1,2,0,1,0,0,0,18,0,1,0,1,0,26
261239,0,0,0,0,0,0,0,0,0,0,0,0,0,0,0,2,0,0,0,0,0,2
261240,0,0,0,1,9,0,0,0,0,0,0,0,1,0,0,0,0,0,0,0,0,11
261242,1,0,0,1,5,0,0,0,2,0,1,0,1,1,0,1,0,3,72,3,1,92
261243,2,1,0,265,0,1,1,0,0,1,0,2,2,0,3,1,3,3,1,1,1,288
261245,0,0,0,0,0,1,1,0,0,0,0,0,0,0,0,0,0,0,0,0,0,2
261246,0,0,0,0,0,2,0,0,0,0,1,0,0,0,0,0,0,0,0,0,0,3
261247,0,0,0,0,0,19,1,0,0,0,0,0,0,0,0,0,0,1,1,0,0,22
261249,0,0,0,0,0,0,0,0,0,0,1,0,1,0,0,0,0,0,0,0,0,2
261259,0,0,0,0,0,0,0,1,1,0,1,0,0,11,0,1,0,0,1,0,1,17
261262,0,0,0,1,8,0,0,0,0,0,0,0,0,0,1,1,0,0,0,0,0,11
261266,1,0,0,0,0,0,0,0,0,0,0,0,0,0,0,0,0,0,0,0,0,1
261267,0,0,0,0,0,0,16,0,0,0,0,0,0,1,0,0,0,0,0,0,0,17
261270,0,0,0,0,0,0,0,0,0,0,0,0,0,0,7,0,0,0,0,0,0,7
261271,0,0,0,0,0,0,0,0,0,1,0,0,0,0,0,0,0,0,0,0,1,2
261272,0,0,0,0,0,0,0,0,0,0,0,0,0,0,1,0,0,0,0,0,0,1
261274,0,0,0,0,0,0,0,0,0,0,0,0,1,0,0,0,0,0,0,0,0,1
261275,0,0,0,5,1,0,0,0,0,0,0,0,0,0,0,0,0,1,0,0,0,7
261278,1,2,1,1,275,0,1,4,1,0,3,3,2,1,2,0,3,1,0,1,3,305
261279,0,0,0,2,20,0,0,1,1,0,0,1,0,0,0,1,1,0,0,0,0,27
261283,0,0,0,0,4,0,0,0,0,1,0,0,0,0,0,0,0,0,0,1,1,7
261285,0,0,0,0,11,0,1,0,0,1,0,0,0,0,0,0,0,0,0,0,0,13
261286,0,0,0,0,0,0,0,1,0,0,0,0,17,0,0,0,0,1,0,0,1,20
261287,0,0,0,0,0,0,0,0,0,0,0,0,0,0,1,0,0,1,0,0,0,2
261290,0,1,0,0,0,0,0,0,0,0,0,0,0,0,0,1,0,0,0,0,0,2
261291,0,0,1,0,0,0,0,0,0,0,0,0,0,0,0,0,0,0,0,0,0,1
261294,0,1,0,0,0,0,0,0,0,0,0,0,5,0,0,0,0,1,0,0,0,7
261298,0,0,0,0,1,0,0,0,0,0,0,0,0,0,0,0,0,0,0,0,0,1
261299,1,1,1,0,0,0,0,0,2,0,0,1,0,1,0,37,0,1,4,0,1,50
261301,0,0,0,0,0,0,0,0,0,0,1,0,0,0,0,0,0,0,0,0,0,1
261302,0,0,0,0,0,4,0,0,0,0,0,0,0,0,0,0,1,0,1,1,0,7
261303,0,0,0,0,0,0,0,0,0,0,0,0,0,1,0,0,0,1,0,0,0,2
261306,0,0,0,0,0,0,0,0,0,0,0,0,0,5,1,0,0,0,0,8,0,14
261307,2,1,1,0,0,0,1,0,1,1,1,2,0,5,261,0,0,1,1,1,0,279
261310,4,2,1,3,3,0,2,2,1,3,4,3,2,1,6,425,4,7,3,1,2,479
261311,0,0,2,30,0,0,0,2,0,0,1,0,0,0,0,0,0,0,0,0,1,36
261312,0,0,0,0,0,1,1,0,0,0,0,0,0,0,0,0,0,0,0,0,0,2
261314,0,0,0,0,0,0,0,0,0,0,0,0,0,1,0,0,0,0,0,0,0,1
261315,0,0,0,0,0,0,0,0,0,1,0,0,0,0,0,0,0,0,0,0,0,1
261317,0,0,10,0,0,0,0,0,1,0,0,0,1,0,0,0,0,0,0,0,0,12
261318,0,0,0,0,0,0,0,0,0,0,0,0,0,6,0,0,0,0,0,0,0,6
261319,0,0,0,0,0,0,0,1,0,0,0,0,0,0,0,0,0,0,0,0,0,1
261321,0,1,0,0,0,16,0,0,0,1,0,0,0,0,0,0,0,1,0,1,0,20
261322,0,0,0,0,0,0,0,0,0,2,0,0,0,0,0,0,0,0,0,0,0,2
261325,0,0,0,1,1,0,0,0,0,0,0,0,0,48,1,1,0,0,0,0,0,52
261326,3,2,258,1,0,0,1,4,1,2,0,1,3,1,0,0,1,2,1,0,1,282
261327,1,1,0,0,0,0,0,0,1,1,0,0,0,0,1,0,0,0,0,0,0,5
261328,0,0,0,0,1,1,0,0,0,0,0,0,0,0,0,15,0,0,0,0,0,17
261330,0,0,0,0,0,0,0,0,0,0,0,0,0,2,1,0,0,0,0,0,0,3
261333,1,1,1,0,0,0,0,0,0,0,0,1,29,1,0,1,0,1,0,0,0,36
261334,0,0,181,0,0,2,1,2,0,3,0,1,2,2,1,1,1,0,0,1,2,200
261335,0,0,0,0,0,0,0,0,0,0,0,0,0,0,2,0,1,2,1,0,2,8
261336,2,1,3,1,0,1,0,2,1,1,0,3,3,0,2,221,1,2,1,0,1,246
261338,0,0,0,1,0,0,0,0,1,0,0,1,0,16,0,0,0,0,2,0,0,21
261339,0,1,246,0,0,1,0,1,3,0,2,1,1,1,1,3,0,1,3,4,0,269
261340,2,0,0,0,0,0,0,0,1,0,0,0,0,0,0,0,0,1,0,1,0,5
261341,0,0,0,0,0,0,2,0,0,0,0,0,0,0,0,0,0,0,0,0,0,2
261342,0,0,0,1,1,0,1,0,2,0,1,0,1,2,1,48,0,0,0,0,1,59
261343,0,0,0,24,1,0,1,0,1,1,0,0,0,0,0,0,0,0,0,0,0,28
261344,0,0,0,0,0,0,0,0,1,0,0,0,0,0,0,10,0,1,0,0,0,12
261347,2,0,1,1,211,0,3,2,0,2,1,2,2,2,0,0,0,1,1,2,0,233
261349,2,2,1,0,0,3,0,0,1,0,2,0,1,204,0,2,0,2,2,1,1,224
261350,0,0,0,0,0,0,0,0,0,0,0,0,0,0,0,0,0,0,2,0,0,2
261351,1,0,1,0,1,0,0,1,0,0,1,0,7,0,0,0,1,0,0,0,0,13
261353,0,0,0,0,0,1,0,0,0,0,0,0,0,0,0,0,0,0,0,0,0,1
261354,0,0,0,0,1,0,0,0,2,1,0,0,0,0,0,0,1,0,24,0,0,29
261355,0,0,0,1,0,20,0,0,0,0,0,0,0,0,0,0,0,0,0,0,0,21
261357,3,1,0,0,0,2,0,0,0,0,1,1,203,0,0,1,0,0,0,2,2,216
261358,0,0,0,0,0,0,0,0,0,1,0,0,0,0,0,0,0,0,0,0,0,1
261359,0,0,2,17,0,0,0,0,0,1,0,1,0,1,0,0,1,0,0,0,0,23
261360,0,0,0,0,0,0,0,0,0,1,0,0,0,0,0,0,0,0,0,0,0,1
261362,0,0,1,0,0,0,0,0,0,0,0,0,0,0,0,0,0,0,0,0,0,1
261363,0,0,0,0,1,0,0,0,0,0,0,0,0,0,17,0,0,0,0,0,0,18
261365,0,0,0,0,0,0,0,0,0,0,0,0,0,0,0,0,0,0,1,0,0,1
261366,0,0,0,0,32,1,1,0,0,0,0,1,0,1,0,0,0,1,0,0,0,37
261367,0,0,0,0,0,0,0,0,0,0,1,0,0,3,0,0,0,0,0,0,0,4
261370,2,1,2,308,3,1,6,3,1,1,2,4,0,0,2,2,3,1,0,2,2,346
261371,1,0,0,0,0,0,0,1,1,1,0,0,0,0,0,0,1,0,1,1,0,7
261374,0,0,0,0,0,0,0,0,1,0,1,0,11,0,0,0,0,0,0,0,0,13
261375,1,1,25,0,0,0,0,0,0,0,0,0,0,0,1,0,1,1,0,0,0,30
261383,0,0,0,0,0,2,0,0,0,0,0,0,0,0,0,0,0,0,0,0,0,2
261384,0,0,0,0,0,1,0,0,0,0,0,0,0,0,0,0,0,0,0,0,0,1
261386,1,0,0,0,0,0,0,0,1,0,0,0,0,0,0,0,0,0,0,0,0,2
261387,0,0,0,0,0,4,0,0,0,0,0,0,0,0,0,0,0,0,0,0,0,4
261390,0,0,0,0,0,0,0,0,0,0,0,0,0,23,0,0,0,0,0,0,0,23
261391,3,1,234,0,1,0,3,1,3,1,3,2,0,2,2,1,2,4,2,0,1,266
261393,0,0,0,0,4,0,0,1,0,0,0,0,0,0,0,0,0,0,0,0,0,5
261395,1,0,0,17,0,0,0,0,0,0,0,0,0,0,0,0,1,0,0,0,0,19
261398,0,1,9,0,0,1,0,0,0,0,0,0,1,0,1,0,0,0,0,0,0,13
261399,0,0,0,0,0,0,0,0,0,0,0,0,0,0,0,5,0,0,0,0,0,5
261402,0,0,0,0,0,0,0,0,0,0,1,0,0,0,0,0,0,0,0,0,0,1
261403,0,0,0,0,0,1,0,0,0,0,0,0,0,0,0,0,0,0,0,0,0,1
261404,1,0,0,0,0,0,0,0,0,0,0,0,0,0,0,0,0,0,0,0,0,1
261405,0,1,0,0,0,0,0,1,0,0,0,0,0,0,5,0,0,0,0,0,0,7
261406,0,0,0,0,0,0,0,0,0,0,0,0,2,0,0,0,0,0,0,0,0,2
261407,0,0,0,0,0,21,0,0,0,0,0,0,0,0,0,0,0,0,0,0,0,21
261411,0,0,0,0,0,0,0,0,1,0,0,0,11,0,0,0,0,0,0,0,0,12
261412,0,0,0,0,0,0,0,0,0,0,0,0,15,0,0,0,0,0,0,0,0,15
261415,0,1,3,0,0,1,0,0,0,0,0,0,0,0,0,0,0,0,0,0,0,5
261416,0,0,1,0,0,0,0,0,0,0,0,0,0,0,0,0,0,0,0,0,0,1
261417,0,0,0,0,0,0,0,0,0,1,0,0,0,0,0,3,0,0,0,0,0,4
261418,1,1,3,1,0,0,0,0,0,1,17,0,0,0,0,0,0,0,0,1,0,25
261419,0,0,0,0,0,0,0,0,0,0,1,1,0,0,28,1,0,0,2,0,0,33
261422,0,0,0,0,0,0,0,0,0,0,1,0,0,0,29,0,0,0,0,0,1,31
261423,0,0,0,0,4,0,0,0,0,0,0,0,0,0,0,0,0,0,0,0,0,4
261425,0,0,0,0,0,0,0,0,0,0,1,0,0,0,0,0,0,0,0,0,0,1
261426,0,3,1,1,0,0,2,0,2,0,0,1,246,2,1,0,0,0,0,1,1,261
261427,1,1,1,0,0,0,0,1,0,0,1,1,0,0,0,24,0,1,0,0,0,31
261430,1,1,1,2,0,2,0,3,2,0,1,0,1,0,1,212,0,1,1,1,3,233
261431,2,4,1,2,2,2,2,3,2,3,3,1,596,2,5,2,2,5,2,1,3,645
261432,0,0,0,0,0,1,0,0,0,0,0,0,0,0,0,0,0,0,0,0,0,1
261433,2,1,0,1,1,1,3,1,0,3,1,0,1,151,0,2,1,1,0,3,0,173
261434,1,0,0,0,1,0,0,0,27,0,1,0,1,0,0,0,0,0,0,0,2,33
261435,1,0,0,0,0,0,0,1,0,0,0,0,0,0,0,0,0,2,0,0,0,4
261437,0,0,0,0,20,0,0,0,0,0,0,0,0,0,0,0,0,0,0,0,0,20
261438,0,0,0,0,0,0,0,1,0,0,0,1,0,0,0,0,16,1,1,0,0,20
261439,0,0,0,0,0,0,1,0,0,0,0,0,3,0,0,0,0,0,0,0,0,4
261440,0,0,0,0,0,0,0,0,0,0,1,0,1,0,0,0,0,0,0,0,1,3
261442,0,0,10,0,0,0,0,0,0,0,0,0,0,0,0,0,0,0,0,0,0,10
261446,0,0,0,0,0,0,0,0,0,0,0,0,1,0,0,0,0,0,0,0,0,1
261447,0,1,0,0,0,0,0,4,0,0,0,0,0,0,0,0,0,0,0,0,0,5
261450,1,0,0,0,0,0,1,0,0,0,0,0,0,0,0,0,0,0,0,0,0,2
261451,0,0,7,0,0,0,0,1,0,0,0,0,0,0,1,0,0,0,0,0,0,9
261453,0,0,0,0,0,0,1,1,0,0,0,0,0,0,0,1,0,0,0,0,0,3
261454,1,2,1,1,0,0,1,4,0,0,0,1,1,0,1,118,0,0,0,2,1,134
261455,0,1,0,0,0,0,0,0,0,0,1,0,0,16,0,0,0,0,0,1,0,19
261456,0,0,10,0,0,1,0,0,0,0,0,0,0,0,0,0,0,0,0,0,0,11
261458,0,0,0,0,0,0,1,0,0,0,0,0,0,0,0,0,0,0,0,0,0,1
261459,1,1,0,0,1,0,0,0,1,0,0,0,0,0,0,0,1,0,0,0,1,6
261460,0,0,0,1,1,14,0,0,0,0,0,0,0,0,0,1,0,0,0,0,0,17
261463,1,0,2,1,0,0,2,1,1,1,0,2,249,0,2,3,1,2,1,2,0,271
261465,1,0,0,0,0,0,0,0,0,0,0,0,0,0,0,0,0,0,0,0,0,1
261466,0,0,0,0,0,1,0,0,0,0,0,0,0,0,0,0,1,0,0,0,0,2
261467,1,0,0,0,0,16,0,0,1,0,0,0,0,0,0,0,0,0,0,1,1,20
261468,1,0,1,1,17,0,0,0,0,0,1,0,0,0,0,1,0,0,1,0,0,23
261469,0,1,0,0,0,0,0,0,0,0,1,0,0,0,0,0,1,0,1,0,0,4
261470,0,0,22,2,1,1,0,0,0,0,0,0,0,0,0,0,0,0,0,1,0,27
261474,0,0,0,1,1,0,0,0,0,0,0,0,22,0,0,0,0,1,0,0,0,25
261475,0,0,1,0,0,0,0,0,0,0,0,0,0,1,0,0,0,0,0,0,0,2
261478,0,1,0,0,0,0,0,0,0,0,0,0,0,0,8,0,0,0,0,0,0,9
261479,2,1,2,1,230,0,2,1,0,1,2,3,0,1,0,1,1,0,1,0,2,251
261482,0,0,0,0,0,0,0,0,0,1,0,0,0,0,0,0,0,0,0,0,0,1
261483,1,1,0,0,0,0,1,16,1,1,0,1,0,0,0,0,1,1,0,2,0,26
261485,0,0,0,0,0,0,0,0,0,0,0,0,0,1,0,0,0,0,0,0,0,1
261486,0,2,1,3,0,1,1,2,1,1,0,1,1,256,3,2,0,3,0,0,0,278
261487,0,0,1,0,0,0,0,0,0,0,0,0,17,0,1,1,0,0,0,0,0,20
261490,0,0,0,0,0,0,0,0,0,0,0,0,0,1,0,0,0,0,0,0,0,1
261491,0,0,2,0,0,0,1,0,0,1,0,0,0,6,0,0,0,0,0,1,0,11
261492,1,0,16,0,0,0,0,0,0,0,0,1,1,0,0,1,0,0,0,0,0,20
261494,0,0,0,0,0,1,0,0,0,0,0,0,0,0,0,21,0,1,0,0,0,23
261495,1,0,0,0,0,0,0,0,0,0,0,0,0,0,0,0,0,0,8,0,0,9
261497,0,0,0,0,0,5,0,0,0,0,0,1,0,0,0,0,0,0,0,0,0,6
261498,0,0,0,0,0,0,0,0,0,0,0,0,0,0,10,0,0,0,0,0,0,10
261499,2,1,0,0,270,2,0,2,2,2,1,3,2,0,1,0,0,1,0,0,2,291
261500,1,0,0,0,0,0,0,0,0,0,0,0,0,0,0,0,0,0,0,0,0,1
261501,0,0,0,0,0,0,0,0,0,0,0,0,0,0,15,0,0,0,0,0,0,15
261502,0,0,0,0,0,23,0,0,0,0,1,0,1,1,0,0,0,0,0,0,0,26
261503,1,0,0,0,0,0,0,0,0,0,1,0,5,0,0,0,0,0,0,0,0,7
261504,1,0,0,0,0,0,0,0,0,0,0,0,0,0,0,0,0,0,0,0,0,1
261505,0,0,0,0,0,0,0,0,1,0,0,0,0,0,0,0,0,0,0,0,0,1
261509,0,1,0,0,0,0,0,0,0,0,0,0,0,0,0,0,1,0,0,0,0,2
261510,2,0,0,2,1,2,1,2,1,2,1,1,197,0,1,2,1,0,1,2,0,219
261514,0,0,0,0,0,6,1,0,0,0,0,1,0,0,0,0,0,0,0,1,0,9
261517,0,1,0,0,0,0,0,0,0,0,0,0,1,0,0,0,0,0,1,0,1,4
261518,0,1,0,0,0,0,2,0,1,0,0,2,0,43,0,0,0,1,0,0,1,51
261519,0,0,0,0,3,0,0,0,0,0,0,0,0,1,0,0,0,0,0,0,0,4
261522,0,0,0,0,0,2,0,0,0,0,0,0,0,0,0,2,0,0,0,0,0,4
261523,0,0,0,0,0,2,0,0,0,0,0,0,0,0,0,0,0,0,0,0,0,2
261525,0,0,0,0,17,0,0,0,0,0,0,0,0,0,0,0,0,0,0,0,0,17
261526,0,0,0,0,0,0,0,0,5,0,0,0,0,0,0,0,2,0,0,1,0,8
261527,0,5,0,0,1,0,0,3,1,0,0,1,71,1,0,1,0,0,1,0,2,87
261529,0,0,0,0,0,0,0,0,0,0,1,0,0,0,0,0,0,0,0,0,0,1
261530,0,0,0,0,0,2,0,0,0,0,0,0,0,0,0,0,0,0,0,0,0,2
261533,0,0,0,0,1,0,0,0,0,0,7,0,0,3,0,0,0,0,0,0,1,12
261534,2,1,0,2,1,2,0,1,0,0,2,1,2,174,2,0,1,0,0,0,4,195
261535,1,1,205,1,1,0,0,1,1,2,1,1,2,2,3,1,0,3,1,0,1,228
261538,0,0,0,15,0,0,0,1,0,0,0,0,1,1,0,0,0,0,0,0,0,18
261539,0,0,0,0,0,3,0,0,1,0,0,0,0,0,0,0,0,1,0,0,0,5
261541,0,0,1,0,0,0,0,0,0,0,16,1,0,0,0,0,0,0,0,0,0,18
261542,0,0,0,0,0,106,1,0,0,0,1,2,0,0,1,0,1,1,1,0,0,114
261543,0,0,0,0,0,0,0,0,1,0,0,0,0,0,2,0,0,1,0,1,0,5
261545,0,0,0,0,0,0,0,0,0,0,3,1,0,0,0,0,0,0,0,0,0,4
261546,0,0,0,0,0,0,0,8,0,0,0,0,0,0,0,0,0,1,0,0,0,9
261547,0,0,0,9,0,0,1,1,0,0,0,0,0,0,0,0,0,0,0,0,0,11
261550,0,0,0,0,0,0,0,0,0,0,0,0,0,0,0,0,0,0,0,1,0,1
261552,1,0,0,0,0,0,0,1,0,0,1,0,0,0,0,0,1,0,0,0,0,4
261554,0,0,0,0,0,0,0,0,0,0,0,0,0,0,0,10,0,0,0,2,0,12
261555,2,5,2,3,481,3,3,2,3,0,2,1,3,2,2,2,4,4,5,0,6,535
261558,0,2,4,0,2,1,1,2,3,0,2,0,0,0,223,1,0,1,1,3,0,246
261559,1,2,0,38,0,0,1,1,0,1,0,0,1,0,1,1,0,0,0,0,3,50
261561,1,0,0,0,0,0,0,0,0,0,0,0,0,0,0,0,0,1,0,0,0,2
261562,3,3,1,5,1,3,2,2,3,3,1,2,2,1,3,361,1,4,3,2,1,407
261563,0,0,0,0,0,0,0,0,0,0,0,0,19,0,1,0,0,1,0,0,0,21
261565,0,0,6,0,0,0,0,0,0,1,0,0,0,0,0,0,0,0,0,0,0,7
261566,0,1,0,0,0,0,0,0,0,0,1,0,0,0,0,3,9,0,0,1,0,15
261567,0,1,1,6,0,0,0,0,0,0,0,0,0,0,0,0,0,0,1,0,0,9
261568,0,0,1,1,168,3,2,4,0,0,2,1,0,0,2,1,0,0,2,0,1,188
261571,0,0,0,4,0,0,0,0,0,0,0,0,0,0,0,0,0,0,0,0,0,4
261574,1,1,0,0,0,2,0,0,0,1,0,0,0,0,0,0,0,0,0,0,1,6
261575,0,0,0,0,0,0,0,0,0,0,0,0,1,0,0,0,0,0,0,1,0,2
261577,0,0,0,1,0,0,1,0,0,1,0,1,0,0,0,0,0,0,0,0,0,4
261578,0,1,0,0,53,0,0,0,0,1,0,0,0,1,1,0,0,1,1,2,1,62
261579,0,0,0,2,0,0,0,0,0,0,0,0,0,0,0,0,0,0,0,0,0,2
261581,1,2,2,0,274,2,1,3,0,2,1,3,0,0,0,4,0,1,1,0,0,297
261582,0,1,0,0,0,0,1,1,0,1,1,0,1,0,108,0,0,0,3,1,0,118
261583,0,0,0,0,0,0,0,0,0,1,0,1,0,0,0,0,0,0,0,0,0,2
261584,1,1,0,0,0,0,0,0,0,0,2,1,0,21,0,0,0,1,0,0,0,27
261585,0,0,0,0,0,0,0,0,0,1,0,0,0,2,0,0,0,0,0,0,2,5
261586,0,0,0,0,0,0,0,0,0,0,0,0,0,0,1,0,0,0,0,0,0,1
261587,0,0,0,0,3,0,0,0,0,0,1,0,0,0,0,0,0,0,0,0,0,4
261588,0,0,0,0,11,0,0,0,0,0,0,0,0,1,1,0,0,0,0,0,0,13
261589,0,0,3,0,0,0,0,0,0,0,0,0,0,0,0,0,0,0,0,0,0,3
261590,0,0,0,3,0,1,0,0,0,0,0,0,0,0,0,0,0,0,0,0,0,4
261591,0,0,0,0,0,0,0,0,0,0,0,1,0,0,0,0,0,0,3,1,0,5
261592,1,0,3,1,1,0,0,1,1,0,3,1,2,260,1,1,6,1,3,0,1,287
261593,0,0,0,0,0,2,0,0,0,0,0,0,0,0,0,0,0,0,0,0,0,2
261594,1,1,0,0,0,0,0,1,1,1,0,0,2,0,0,0,0,1,0,1,1,10
261595,0,1,0,0,8,1,1,0,0,0,0,0,1,0,0,0,0,0,0,1,0,13
261596,0,0,0,0,16,0,0,0,0,0,0,1,0,0,0,0,0,0,0,1,0,18
261597,1,0,0,0,0,1,0,0,0,0,0,0,1,23,0,0,0,1,1,0,0,28
261598,1,0,0,1,0,0,0,0,0,0,0,0,0,0,0,0,1,0,0,0,0,3
261599,0,1,13,0,0,0,0,0,0,0,1,0,0,0,0,0,1,0,0,0,1,17
261600,0,0,0,0,0,0,0,0,0,0,0,0,0,1,0,23,0,1,0,0,0,25
261603,1,0,4,0,0,0,0,0,0,0,0,0,11,1,0,0,0,0,0,0,0,17
261604,0,0,0,0,0,2,0,0,0,0,0,0,0,0,0,0,0,0,0,0,0,2
261605,0,0,0,0,0,0,0,0,15,0,0,0,0,0,1,0,0,1,0,1,0,18
261606,0,0,0,1,0,0,1,0,0,0,0,0,0,8,0,0,0,1,0,0,0,11
261607,0,0,1,0,0,0,0,0,0,0,2,0,0,17,0,0,0,0,0,0,2,22
261608,0,0,0,0,0,0,0,0,0,0,0,0,0,21,1,0,0,0,0,0,1,23
261609,1,0,1,0,0,0,0,1,1,0,0,0,0,0,0,0,0,0,0,0,0,4
261610,1,0,2,0,258,1,2,3,3,1,3,2,0,3,0,3,4,0,1,1,1,289
261611,1,0,0,0,0,1,1,1,0,0,0,0,0,0,0,32,0,1,0,0,0,37
261612,0,0,0,0,0,0,0,0,1,0,0,0,0,0,0,9,0,0,0,0,0,10
261613,0,0,0,0,0,0,0,0,0,0,0,0,1,0,0,0,0,0,0,0,0,1
261614,0,0,0,1,0,13,0,0,0,0,0,0,0,0,0,0,0,0,0,0,1,15
261615,0,0,0,0,1,0,0,0,1,0,1,0,18,1,0,0,0,1,0,0,0,23
261616,0,0,0,0,0,0,0,0,0,0,0,0,0,0,0,0,0,0,6,0,0,6
261617,0,0,1,1,1,1,0,0,2,0,0,0,1,2,1,85,0,0,0,1,0,96
261618,0,0,0,0,0,0,0,0,0,0,0,0,0,0,0,0,1,3,0,0,1,5
261620,0,0,0,0,0,0,0,0,0,0,0,0,0,0,0,0,1,0,0,0,0,1
261622,2,4,0,3,0,1,5,3,3,0,3,3,261,0,3,1,1,2,0,2,1,298
261624,0,0,0,0,0,0,1,0,0,0,0,0,0,0,0,0,0,0,0,0,0,1
261625,0,0,0,0,0,0,1,0,0,1,0,0,0,6,0,0,0,1,0,1,0,10
261626,0,1,0,1,0,0,0,0,0,2,0,1,0,0,0,0,0,1,24,0,0,30
261627,0,0,2,0,0,0,0,0,0,0,0,0,0,0,0,0,0,0,0,1,0,3
261628,0,0,0,0,0,0,0,0,0,0,0,1,0,0,1,0,0,1,0,0,0,3
261629,0,0,0,0,0,0,1,0,0,0,0,0,0,0,1,24,0,0,0,1,1,28
261630,0,0,0,0,9,0,1,0,0,0,0,0,0,0,0,0,0,0,1,0,0,11
261633,0,0,0,0,0,0,0,0,0,0,0,1,0,0,0,0,1,0,0,0,0,2
261635,0,0,0,0,0,0,0,0,0,0,0,0,8,0,0,0,0,0,0,0,0,8
261639,0,0,0,0,0,0,0,1,1,0,0,0,0,0,0,0,0,0,0,0,1,3
261640,0,0,0,0,0,0,0,1,1,0,0,0,0,0,0,0,0,0,0,0,0,2
261641,0,0,0,0,0,0,0,1,0,0,0,0,0,0,0,0,0,0,0,0,0,1
261643,0,0,0,0,0,0,0,2,0,0,0,0,0,30,0,0,0,0,0,0,0,32
261647,1,3,1,2,0,1,2,2,0,0,4,1,0,231,1,1,1,0,2,1,3,257
261648,1,0,0,0,0,22,0,1,0,0,0,0,0,0,0,0,0,0,0,0,0,24
261651,0,0,0,0,0,0,0,0,0,1,0,0,0,0,0,0,0,0,0,0,0,1
261652,0,0,0,0,0,0,0,0,1,0,1,0,0,0,0,0,0,0,0,0,0,2
261654,2,0,0,0,0,4,0,0,0,0,0,0,0,0,0,0,0,0,1,0,0,7
261656,0,0,0,0,0,0,0,0,0,0,0,0,1,0,0,0,0,0,0,0,0,1
261657,0,0,0,0,0,0,0,0,0,0,0,0,0,0,0,1,0,0,0,0,0,1
261658,0,0,0,0,0,0,2,0,0,0,0,0,0,0,0,0,0,0,0,0,0,2
261659,2,1,0,0,0,41,0,2,0,1,1,0,0,1,0,0,0,0,0,0,0,49
261661,0,0,0,5,0,0,0,0,0,0,0,0,0,0,0,0,0,0,0,0,0,5
261662,0,0,0,0,0,0,0,0,0,0,0,0,1,0,0,0,0,0,0,0,0,1
261663,0,1,0,0,0,0,0,0,1,0,0,0,0,0,0,0,4,0,0,0,0,6
261664,0,0,0,0,0,0,0,0,0,0,2,0,0,0,0,0,0,0,0,0,0,2
261667,0,1,0,0,0,0,1,0,0,0,0,0,0,0,0,0,0,0,0,0,0,2
261671,0,2,1,20,0,0,0,0,0,0,0,0,1,0,0,0,1,1,1,0,0,27
261674,0,0,0,0,0,0,0,0,0,0,1,0,0,0,0,0,0,0,0,0,0,1
261675,2,0,0,0,0,0,0,0,2,1,0,1,5,225,1,0,1,1,1,1,4,245
261678,1,0,0,0,1,0,0,0,2,0,1,0,0,0,0,1,16,0,1,0,0,23
261679,0,0,0,0,0,0,0,0,0,0,1,0,0,0,0,6,0,0,0,0,0,7
261680,0,0,0,0,17,0,1,0,0,0,0,0,0,0,0,0,0,0,0,0,0,18
261682,0,0,0,0,0,0,0,0,0,0,0,0,0,0,0,0,0,0,0,1,0,1
261683,0,0,0,0,0,0,0,0,0,0,0,0,0,0,0,0,0,0,0,2,0,2
261686,0,0,0,0,1,0,0,0,0,0,0,0,0,0,0,0,0,0,0,0,0,1
261687,0,0,0,0,1,0,0,0,0,0,0,0,1,0,4,0,1,0,0,0,1,8
261690,1,0,0,0,4,0,0,0,0,0,0,0,0,0,0,0,0,0,0,0,0,5
261691,0,0,0,2,0,0,0,1,0,0,1,0,0,48,0,0,1,2,1,0,0,56
261693,0,0,0,0,0,0,0,0,0,1,0,0,1,0,22,0,0,1,0,0,0,25
261694,0,0,0,0,0,0,1,0,0,0,0,0,0,0,0,0,0,0,0,0,0,1
261695,0,0,0,0,0,0,1,0,0,1,0,0,1,0,0,0,1,0,0,0,0,4
261696,1,0,0,0,0,0,1,0,0,0,0,0,0,0,0,0,0,0,0,0,0,2
261705,1,0,0,0,0,0,0,0,0,0,0,0,0,0,0,0,0,0,0,0,1,2
261706,0,0,0,0,0,0,0,0,0,1,0,0,0,3,0,0,0,0,0,0,0,4
261709,0,0,0,0,0,0,0,0,0,0,0,0,0,9,0,0,1,0,0,0,0,10
261710,0,0,0,0,0,0,0,0,0,0,0,0,0,8,0,0,1,0,0,0,0,9
261711,0,0,0,1,0,0,0,0,0,0,0,1,0,0,0,0,0,0,0,1,0,3
261712,0,0,0,0,0,0,0,0,0,0,0,0,0,0,0,0,0,0,1,0,1,2
261715,0,0,0,0,0,0,1,0,0,0,0,0,0,0,0,0,0,0,1,0,1,3
261717,0,1,0,12,0,0,0,0,0,0,0,0,0,0,0,0,0,0,0,0,0,13
261718,0,0,0,0,0,0,0,0,0,0,0,0,0,0,1,2,0,0,0,0,0,3
261721,0,0,0,0,0,0,0,1,0,0,0,0,0,34,0,1,0,1,0,0,0,37
261722,0,1,29,0,0,0,0,0,0,0,0,0,0,0,0,0,0,0,0,0,0,30
261725,0,0,10,0,0,0,1,0,0,0,0,0,0,0,0,0,0,0,1,0,0,12
261726,0,0,0,0,0,0,0,0,0,0,0,0,0,0,1,0,0,0,0,0,1,2
261728,0,0,0,0,0,0,0,0,0,0,0,0,0,0,0,0,1,0,0,0,0,1
261730,0,0,0,1,1,26,0,0,0,0,0,0,0,0,1,0,0,1,0,0,0,30
261731,0,0,0,0,0,0,0,0,0,0,0,1,0,0,0,4,0,0,0,0,0,5
261733,0,0,0,0,0,0,0,0,0,0,0,0,17,0,0,0,1,0,0,0,0,18
261734,0,0,0,8,0,0,0,0,0,0,0,0,0,1,1,0,0,0,0,1,0,11
261735,0,0,0,0,0,0,0,0,0,1,0,0,0,3,0,0,0,0,0,0,0,4
261737,0,1,0,0,0,0,0,0,0,0,0,0,0,0,0,0,1,0,0,0,0,2
261738,0,0,0,0,0,0,0,0,0,0,0,0,0,0,0,0,0,0,3,0,1,4
261739,1,0,0,0,0,0,0,0,0,0,0,0,0,0,1,0,0,1,1,0,0,4
261742,0,0,0,0,0,0,0,1,0,0,0,0,0,0,0,0,0,0,0,1,0,2
261743,2,1,0,1,0,0,0,1,0,0,1,1,0,0,46,0,2,0,0,0,1,56
261746,0,0,0,0,0,0,2,0,0,0,0,0,0,0,0,0,0,0,0,0,0,2
261747,1,0,1,0,3,2,0,1,0,2,4,3,209,0,0,3,3,0,1,0,3,236
261749,1,0,0,0,0,0,0,0,1,0,0,0,0,0,173,1,0,2,1,0,1,180
261750,0,1,0,5,0,0,0,0,0,1,0,0,0,0,0,0,0,0,0,1,0,8
261751,1,0,0,3,0,0,2,1,0,1,2,0,1,0,199,2,0,0,1,0,0,213
261752,0,0,0,0,1,0,0,0,0,0,0,0,0,0,0,0,0,0,0,0,0,1
261754,0,0,0,0,0,0,0,0,0,0,0,0,0,0,0,0,1,1,0,0,0,2
261755,0,0,0,0,0,0,0,0,0,0,0,0,1,0,0,0,0,0,0,0,0,1
261757,0,0,2,0,0,0,0,0,0,0,0,0,0,0,0,0,0,0,0,0,0,2
261758,0,0,1,24,0,0,0,0,0,0,1,0,0,0,0,1,0,0,0,1,1,29
261759,0,0,0,0,0,0,0,0,0,1,0,0,19,0,0,0,0,0,0,0,0,20
261763,3,0,0,0,0,0,0,0,1,0,0,1,0,0,0,0,0,0,0,0,0,5
261765,0,0,0,0,0,0,0,0,0,0,2,0,0,0,0,0,0,0,0,0,0,2
261767,0,0,1,0,0,0,0,1,0,0,0,0,0,0,0,13,0,0,0,0,0,15
261771,0,5,240,0,2,1,3,0,1,1,5,0,1,2,2,0,4,1,2,0,0,270
261775,0,0,0,0,0,8,0,0,1,0,0,0,0,0,0,0,0,0,2,0,1,12
261776,0,0,0,0,0,0,0,0,0,0,0,0,0,0,0,0,0,0,0,1,0,1
261777,0,0,0,0,0,0,0,0,0,0,1,0,0,0,0,0,0,0,0,0,0,1
261779,0,0,0,0,0,0,0,0,1,0,0,0,11,0,0,0,0,0,1,0,0,13
261780,0,0,0,0,0,0,0,0,0,0,0,0,0,0,0,0,1,1,0,0,0,2
261781,0,0,0,0,0,0,0,0,0,0,0,0,0,2,0,0,0,0,0,0,0,2
261782,0,0,0,0,0,0,0,0,0,0,0,0,0,0,0,0,0,0,1,2,0,3
261783,0,0,0,0,0,0,0,0,0,0,0,0,0,0,0,0,0,1,0,0,0,1
261784,0,0,0,0,0,0,0,1,0,0,0,0,0,0,0,0,1,0,0,1,1,4
261785,0,0,0,0,0,0,0,0,1,0,0,1,3,0,0,0,0,0,0,0,0,5
261786,0,0,1,0,0,12,0,0,1,1,0,1,0,0,0,0,1,0,0,0,0,17
261788,0,0,0,0,0,0,0,0,0,0,0,0,0,0,0,0,1,0,0,0,0,1
261789,0,0,0,0,0,0,0,0,0,0,0,0,0,0,2,1,0,0,0,0,0,3
261790,0,1,0,0,0,0,0,1,0,1,1,2,0,9,0,0,0,0,0,0,0,15
261791,0,0,0,0,0,0,0,0,0,0,0,0,0,0,2,0,0,0,0,0,0,2
261795,0,0,0,0,0,0,0,0,0,1,1,1,0,0,0,0,0,0,0,0,0,3
261797,0,0,0,0,0,0,0,0,0,0,0,0,11,0,0,0,0,0,0,0,0,11
261798,0,0,0,26,0,0,0,0,0,0,0,0,0,0,0,0,0,0,1,0,0,27
261802,0,0,0,0,0,0,0,0,0,0,1,0,0,0,0,13,0,0,0,0,1,15
261803,0,0,0,0,0,0,0,0,0,0,0,0,2,0,0,0,0,0,0,0,0,2
261806,0,0,0,0,0,0,0,0,0,0,0,0,0,18,0,0,0,0,0,0,1,19
261807,0,1,0,0,0,0,0,0,0,0,0,0,0,0,2,0,1,0,1,21,0,26
261810,2,1,0,271,1,1,2,1,0,4,2,1,1,0,1,2,1,1,1,2,1,296
261811,0,0,0,6,1,0,0,0,1,0,0,1,0,0,0,0,0,1,0,0,0,10
261814,1,0,0,0,0,0,0,0,0,0,0,0,0,0,0,1,7,0,0,0,0,9
261815,0,1,0,0,0,0,0,0,0,0,1,0,0,3,0,0,0,0,0,0,0,5
261817,0,0,0,1,0,0,0,0,0,0,0,0,0,0,0,0,0,0,0,0,0,1
261818,2,0,0,0,0,0,0,0,0,0,0,1,0,0,0,8,1,0,0,0,0,12
261819,0,0,0,0,0,0,0,0,0,0,0,0,0,0,2,0,1,0,0,0,0,3
261822,2,3,2,1,0,225,0,2,2,2,1,2,2,1,0,2,1,0,0,3,3,254
261823,1,0,1,2,1,186,1,0,3,2,1,3,2,2,2,0,2,0,1,2,0,212
261824,0,0,0,0,0,14,0,0,0,1,0,0,0,0,1,0,0,0,0,0,0,16
261825,0,0,0,0,0,0,0,0,0,0,0,0,0,17,0,0,0,0,1,0,0,18
261826,1,0,0,0,0,0,0,0,0,0,1,0,0,0,0,0,0,0,0,0,1,3
261827,1,1,1,2,1,168,1,0,0,0,0,1,1,0,0,0,0,4,2,4,3,190
261828,0,0,0,0,0,0,0,0,0,0,0,0,0,0,0,0,1,0,0,0,0,1
261829,2,0,0,0,0,0,1,0,0,0,0,0,26,0,0,0,0,0,0,0,0,29
261830,0,0,0,0,7,0,0,0,0,0,0,0,0,0,0,0,0,0,0,0,0,7
261831,1,0,30,0,0,0,0,0,0,0,0,0,0,0,0,0,0,0,0,0,0,31
261833,2,0,402,0,1,2,2,2,1,5,1,0,1,0,3,2,0,4,0,2,3,433
261834,0,0,0,0,0,7,0,0,0,0,0,0,0,0,0,0,0,0,0,0,0,7
261837,0,1,0,0,0,72,1,0,0,1,0,0,0,1,1,0,0,0,0,0,2,79
261838,0,0,0,0,0,0,0,0,0,1,0,0,0,0,0,0,0,0,0,0,1,2
261839,0,0,1,0,0,0,0,0,0,0,0,0,0,0,0,0,0,0,0,0,0,1
261840,6,0,0,0,0,0,0,0,0,0,1,0,0,0,0,0,1,0,0,0,0,8
261841,0,0,0,0,0,0,0,0,0,0,0,0,0,0,0,0,0,1,0,0,0,1
261842,0,0,16,0,1,0,1,0,0,0,0,0,0,0,0,0,0,1,0,0,1,20
261844,0,0,0,0,0,3,0,0,0,0,0,0,0,0,1,0,0,0,0,0,0,4
261845,1,1,0,2,2,1,0,1,0,1,1,3,193,2,0,0,1,1,2,1,0,213
261846,0,0,44,0,0,0,1,0,0,0,0,1,0,1,2,1,0,0,0,1,0,51
261847,0,1,0,0,4,0,0,0,0,0,0,0,0,0,0,0,0,0,0,0,0,5
261848,0,0,0,0,19,0,0,0,0,0,0,0,0,0,0,1,0,0,0,0,0,20
261849,0,0,0,0,0,0,0,0,4,0,1,1,0,72,0,1,1,1,0,1,2,84
261850,0,1,0,0,1,0,0,0,0,0,0,0,0,0,0,13,0,2,0,1,0,18
261851,0,0,0,0,0,0,0,0,0,0,0,0,0,0,0,13,0,0,0,0,0,13
261853,3,0,0,0,0,0,0,0,0,0,0,0,0,0,0,0,0,0,0,0,0,3
261854,0,0,0,0,3,0,1,0,1,0,0,0,0,0,0,0,0,0,0,0,0,5
261856,0,0,0,0,3,0,0,0,0,0,0,0,0,0,0,0,0,0,0,0,0,3
261858,0,1,0,0,0,0,1,0,0,0,0,0,0,0,0,0,0,0,0,2,0,4
261859,0,0,1,0,4,2,2,0,1,0,0,1,3,0,2,279,1,1,1,3,2,303
261860,0,0,0,0,0,0,0,0,0,0,0,0,1,0,0,10,0,0,0,0,0,11
261861,0,0,0,0,0,0,1,0,0,0,0,0,0,2,0,0,0,0,0,0,0,3
261863,0,0,2,0,0,0,0,0,1,0,0,0,0,0,0,0,0,0,0,0,0,3
261864,0,0,0,0,0,0,0,0,1,0,0,0,3,0,0,0,0,0,0,0,0,4
261865,0,0,0,0,0,0,0,0,0,1,0,0,0,0,0,0,0,0,0,0,0,1
261867,0,1,0,0,0,0,0,0,0,0,1,1,19,0,0,0,1,2,0,0,0,25
261868,0,0,0,0,0,0,0,0,0,0,0,1,1,0,0,0,0,0,0,0,0,2
261869,0,1,3,0,0,0,1,1,0,0,0,0,0,0,0,0,0,0,0,0,0,6
261871,2,1,1,1,4,2,2,1,1,1,2,2,1,5,2,238,1,0,0,5,1,273
261873,1,0,0,0,0,0,0,0,0,10,0,0,0,0,0,0,0,0,0,0,0,11
261874,0,1,2,0,0,0,0,0,0,1,1,0,0,0,0,0,0,0,0,0,0,5
261875,0,0,0,0,0,30,0,0,0,0,1,0,0,0,0,1,0,1,0,1,0,34
261877,0,0,0,0,1,32,0,0,0,0,0,1,0,1,1,0,0,0,0,0,0,36
261878,0,0,0,0,0,17,0,0,0,0,1,0,0,0,0,0,0,0,1,0,2,21
261879,0,0,3,0,0,0,0,0,0,0,0,0,0,0,0,0,0,0,0,0,0,3
261881,0,0,2,0,0,0,0,0,0,0,0,0,0,0,0,0,0,0,0,0,0,2
261882,0,1,0,0,0,0,0,2,1,1,0,0,0,16,0,0,0,0,0,0,1,22
261885,0,0,0,2,0,0,0,0,0,0,0,0,0,11,1,0,0,0,0,0,0,14
261886,1,0,0,15,0,0,0,0,0,0,1,0,0,0,0,0,0,0,0,0,0,17
261887,0,0,0,0,0,0,0,0,0,0,0,0,0,0,0,0,0,0,4,0,0,4
261889,1,0,0,0,0,0,0,0,0,0,0,0,7,0,0,0,2,1,0,0,0,11
261892,0,0,0,0,0,0,0,1,0,0,0,0,0,0,0,0,0,0,0,0,0,1
261893,1,0,6,0,0,0,0,1,0,0,0,0,0,0,0,0,0,1,0,0,0,9
261894,0,0,0,0,0,0,0,0,0,0,0,0,0,0,3,1,0,1,0,0,0,5
261895,0,1,0,0,0,16,1,0,0,0,0,0,0,0,0,0,0,0,0,0,0,18
261896,0,0,0,0,0,0,0,0,1,0,0,0,0,0,0,0,0,0,0,0,0,1
261898,0,0,16,1,0,1,0,0,0,0,0,0,0,0,0,0,1,0,0,1,0,20
261899,2,4,1,2,1,260,2,2,1,2,0,2,0,1,2,1,1,2,1,2,2,291
261902,1,0,1,1,0,0,0,0,0,1,1,0,1,0,1,36,0,1,0,1,1,46
261903,0,0,0,0,1,0,0,1,0,0,1,0,0,0,9,0,0,0,0,0,0,12
261905,0,0,0,0,1,0,0,0,0,0,0,0,0,0,0,0,0,0,0,0,0,1
261906,0,0,3,0,0,0,1,0,0,1,0,0,0,1,0,0,0,0,0,0,1,7
261907,1,0,0,0,0,9,0,0,0,0,0,0,0,0,0,0,0,1,0,0,1,12
261908,0,0,0,0,0,0,0,0,0,0,3,0,0,0,0,0,0,0,0,0,0,3
261909,1,1,0,0,0,0,0,0,0,0,0,0,0,1,0,0,1,0,0,1,0,5
261910,0,1,0,0,0,0,0,0,1,0,0,0,0,0,0,0,0,0,0,0,0,2
261911,0,0,0,0,2,0,0,0,0,1,0,0,0,0,0,0,0,0,0,0,0,3
261912,0,0,24,0,0,0,1,0,0,0,0,0,0,0,0,0,0,1,0,0,0,26
261913,0,0,0,0,1,0,0,3,15,0,1,0,0,0,1,0,0,0,0,0,0,21
261914,0,0,0,0,3,0,1,0,0,0,0,0,0,31,0,0,1,0,0,0,1,37
261915,0,0,20,0,1,1,1,0,0,0,0,0,0,0,0,0,2,0,0,0,0,25
261916,0,0,0,0,0,0,0,0,0,0,1,0,0,0,0,0,0,0,0,0,0,1
261917,0,0,0,0,0,0,0,1,1,0,0,0,0,7,0,0,0,1,0,0,0,10
261918,2,0,0,0,0,0,4,0,14,0,1,1,0,0,0,0,1,0,1,0,0,24
261919,0,0,0,0,0,0,0,0,0,0,0,0,0,0,0,22,0,0,0,0,0,22
261920,0,1,0,0,0,0,0,0,2,0,0,0,0,0,1,0,0,0,0,0,0,4
261923,0,0,3,1,2,1,1,1,0,0,3,2,1,1,226,2,1,2,1,3,1,252
261924,0,0,0,3,0,0,0,0,0,1,1,0,0,0,0,0,0,0,1,1,0,7
261926,0,1,0,0,0,0,0,0,0,0,0,0,0,2,0,0,0,0,0,0,0,3
261927,0,0,0,0,0,32,0,0,0,0,0,0,0,2,0,0,0,0,0,0,0,34
261930,0,1,0,0,0,16,1,0,0,1,0,1,0,0,0,0,0,0,1,1,1,23
261931,0,1,0,0,0,0,0,1,0,0,1,1,19,0,0,0,0,0,0,0,0,23
261934,0,0,0,0,0,0,0,0,0,0,7,0,0,0,0,2,0,0,0,0,0,9
261935,0,0,0,0,0,0,0,0,0,0,0,0,0,0,0,3,0,0,0,0,0,3
261936,0,0,0,0,0,0,1,0,0,0,0,0,0,0,0,0,1,0,2,1,0,5
261938,0,0,1,0,0,0,0,0,0,0,0,0,0,0,0,0,0,0,0,0,0,1
261939,0,0,0,0,5,0,0,0,0,0,0,0,0,0,0,0,0,0,0,0,0,5
261941,0,0,2,0,0,0,0,0,0,1,0,0,0,0,0,0,0,0,0,0,1,4
261942,1,0,0,0,0,1,0,0,0,0,0,0,0,1,20,1,0,0,0,0,0,24
261943,0,0,0,0,18,0,0,0,0,0,0,0,0,0,0,0,0,1,0,0,0,19
261944,0,0,2,0,0,0,0,0,0,0,0,0,0,0,0,0,0,0,0,0,0,2
261945,1,0,0,0,0,0,0,0,1,0,0,0,0,0,32,0,0,0,0,0,0,34
261946,2,1,2,1,2,234,0,2,1,0,2,1,1,1,1,0,0,0,1,3,1,256
261947,1,0,0,0,0,0,0,0,0,1,0,1,3,0,0,0,0,0,1,0,0,7
261949,0,0,0,0,0,0,0,0,0,0,1,0,0,0,0,0,0,0,0,0,0,1
261950,0,0,0,0,0,0,0,0,1,1,0,0,0,0,0,0,0,1,0,1,0,4
261951,0,0,0,0,0,0,0,0,1,1,0,0,0,0,0,0,0,1,1,0,0,4
261952,0,0,0,1,0,0,0,0,0,0,0,0,0,22,0,0,0,0,0,0,0,23
261953,1,0,0,0,1,0,0,0,0,0,0,1,0,0,0,0,0,0,0,0,0,3
261955,0,0,0,0,0,1,0,1,0,1,0,0,0,0,0,0,0,0,0,0,1,4
261956,0,0,0,0,1,0,0,0,1,1,0,0,0,0,0,0,0,1,2,0,0,6
261958,0,0,0,0,0,0,0,1,0,0,0,0,0,0,0,0,0,0,0,0,0,1
261959,0,1,0,1,0,0,0,0,0,0,0,0,0,0,0,0,0,0,0,0,2,4
261960,1,1,0,3,0,2,1,2,2,3,2,2,1,0,246,0,1,1,1,0,0,269
261962,1,2,0,1,1,2,0,0,3,1,0,0,0,273,2,2,1,2,1,0,0,292
261963,1,1,0,0,0,1,0,0,0,0,0,0,1,0,0,0,0,0,0,0,0,4
261964,0,0,0,0,0,0,0,0,0,1,0,1,4,0,0,0,0,0,0,0,0,6
261966,0,0,0,0,0,0,1,0,0,0,0,0,0,0,0,0,0,0,3,0,0,4
261968,0,0,0,0,1,0,0,0,0,0,0,0,14,0,0,0,0,0,0,0,0,15
261969,0,0,0,0,0,0,0,0,0,0,0,0,0,1,0,0,0,0,0,0,0,1
261971,1,0,32,0,0,0,0,2,0,0,0,1,0,0,1,0,0,1,0,0,0,38
261972,2,1,3,1,0,1,0,1,0,1,3,0,200,2,3,0,0,0,1,3,2,224
261973,0,0,0,0,0,0,0,0,1,0,0,0,0,0,0,0,1,0,0,1,0,3
261974,1,1,0,0,0,0,0,0,0,0,0,0,7,0,0,0,1,0,0,0,0,10
261975,1,1,1,0,2,1,0,1,0,3,0,0,198,2,1,0,0,3,1,3,2,220
261976,0,0,0,3,0,0,0,0,0,0,0,0,0,0,0,0,0,0,0,0,0,3
261977,0,0,13,0,1,0,0,0,0,0,0,0,0,0,0,0,0,0,0,0,1,15
261978,0,0,0,0,1,0,0,0,0,0,0,0,0,1,15,0,0,0,0,0,0,17
261979,1,0,0,30,0,0,0,0,0,0,0,2,1,0,1,0,1,1,1,0,1,39
261980,1,1,1,3,6,1,0,1,0,0,1,1,1,199,1,1,1,0,0,1,1,221
261982,0,0,0,0,0,0,0,1,0,0,0,0,0,0,0,18,1,1,0,0,1,22
261983,0,2,1,0,0,19,0,1,0,0,0,0,0,1,0,0,1,0,1,0,1,27
261984,1,4,4,1,1,1,1,2,1,0,2,1,0,1,190,0,2,0,1,2,1,216
261985,0,0,0,0,1,0,0,0,0,0,0,0,0,0,0,0,0,0,0,0,0,1
261986,0,0,0,0,2,0,0,0,3,0,0,0,0,4,0,1,0,0,0,0,0,10
261987,0,1,0,0,0,0,0,0,0,0,0,0,0,1,0,19,0,0,0,1,0,22
261988,0,0,0,0,1,0,0,0,0,0,0,0,0,0,0,0,0,0,0,0,0,1
261989,0,0,0,0,0,0,0,0,0,0,0,0,0,0,0,1,0,0,0,0,0,1
261990,1,3,1,0,0,3,0,1,1,1,2,1,183,2,0,2,3,0,0,2,2,208
261991,0,0,1,10,0,0,0,0,0,1,0,0,1,0,0,0,0,1,0,0,0,14
261992,1,0,6,0,1,0,0,0,0,0,1,0,0,0,0,0,0,0,0,0,0,9
261994,1,2,0,0,0,0,1,1,0,1,0,2,7,0,0,0,1,1,1,1,0,19
261995,0,1,0,0,0,49,0,0,0,1,1,0,0,0,0,0,0,1,0,1,0,54
261996,0,1,0,0,1,3,1,0,0,1,1,1,0,0,0,0,0,0,0,0,0,9
261997,0,0,0,0,1,29,0,1,0,1,0,0,0,0,0,0,0,2,0,0,0,34
261998,0,0,0,0,1,7,0,0,0,1,1,0,2,0,0,0,1,0,0,0,0,13
261999,0,1,0,0,0,0,0,0,0,0,0,0,0,0,0,0,0,0,1,0,1,3
262000,0,2,1,77,0,0,1,0,0,0,1,0,0,0,0,0,0,1,0,0,0,83
262001,0,0,0,0,0,18,0,2,0,0,1,0,1,0,0,0,0,0,0,0,0,22
262002,0,0,0,0,0,0,0,0,0,0,0,0,4,0,0,0,0,0,0,1,0,5
262003,1,0,0,0,5,0,1,0,0,0,0,0,1,0,0,1,0,0,0,0,0,9
262004,0,1,0,0,0,0,0,0,0,0,0,0,0,0,0,0,3,0,0,0,0,4
262005,0,0,0,0,0,0,1,0,0,0,0,0,1,17,0,0,0,0,1,0,0,20
262006,0,0,0,0,0,0,0,0,1,0,0,0,0,1,0,0,0,0,1,0,0,3
262007,0,0,0,0,0,0,0,0,0,0,0,1,5,0,0,0,0,0,0,0,0,6
262008,1,0,0,0,0,0,0,0,0,0,0,0,5,0,0,0,0,0,0,0,0,6
262009,0,0,0,31,2,0,0,1,1,0,0,0,0,0,0,0,2,0,0,1,0,38
262010,1,0,1,0,2,1,1,2,2,3,0,0,2,238,2,0,0,1,1,2,0,259
262011,2,1,1,0,1,397,5,4,0,2,1,1,1,1,2,0,5,5,2,2,1,434
262012,0,0,5,0,0,0,0,0,0,0,0,0,0,0,0,0,0,0,0,0,1,6
262013,3,0,0,0,1,0,3,2,1,0,1,1,1,210,1,0,0,3,0,0,5,232
262014,1,0,0,0,21,0,0,1,1,1,1,0,0,0,0,0,0,0,1,1,0,28
262015,0,0,0,0,5,0,0,0,0,0,0,0,0,0,0,0,0,0,0,0,0,5
262018,1,0,0,0,0,0,0,2,0,0,0,0,0,0,0,0,0,0,0,0,0,3
262019,0,0,0,0,0,0,0,3,0,0,0,0,0,0,0,0,1,1,0,0,0,5
262020,0,0,0,0,0,0,0,1,0,0,17,0,0,0,1,0,0,0,0,0,0,19
262022,0,0,0,4,1,0,0,0,0,0,0,0,0,0,0,0,0,0,0,0,0,5
262023,0,0,0,2,0,0,0,1,0,0,1,0,0,0,0,0,0,0,1,0,0,5
262026,0,0,0,1,0,0,0,0,0,0,1,1,0,53,0,0,0,0,0,0,0,56
262027,0,0,0,0,0,15,0,0,0,0,0,1,0,0,0,0,0,1,0,1,0,18
262028,0,0,0,0,0,0,0,0,0,0,3,0,0,0,0,0,0,0,0,0,0,3
262030,1,0,0,0,1,1,0,0,0,0,1,0,0,0,33,0,0,0,0,0,0,37
262031,0,0,0,5,0,0,0,0,0,0,0,0,0,0,0,0,1,0,0,0,0,6
262033,0,0,0,0,0,0,0,0,0,0,0,0,0,0,0,5,0,0,0,0,0,5
262034,1,2,2,0,0,0,2,1,0,1,1,1,0,0,0,34,0,1,2,0,1,49
262035,2,0,0,0,0,15,4,0,0,1,0,0,0,0,1,0,0,2,0,0,0,25
262036,0,1,0,0,0,0,0,0,1,0,0,0,0,0,0,0,0,0,0,0,0,2
262037,0,0,18,0,0,0,0,0,0,0,0,0,0,0,0,0,0,0,0,0,0,18
262038,0,0,0,0,0,0,0,0,0,0,1,0,0,0,0,0,0,0,0,0,0,1
262039,0,1,0,0,0,0,1,1,0,0,0,0,0,0,0,21,2,0,0,0,1,27
262040,0,0,0,0,0,0,0,0,0,0,0,0,0,0,0,0,0,1,0,0,0,1
262042,0,0,0,0,0,0,0,1,1,1,21,0,0,0,0,0,1,0,0,0,0,25
262043,0,0,0,0,0,0,0,0,0,0,0,0,1,0,0,0,0,0,0,0,0,1
262044,0,0,0,0,0,0,0,0,5,0,0,0,0,0,0,0,0,0,0,0,0,5
262046,0,0,33,0,0,0,0,0,0,2,1,2,0,0,3,0,1,0,1,0,1,44
262047,1,1,0,0,20,0,0,0,1,1,0,1,0,0,0,0,1,1,1,0,1,29
262050,0,0,0,0,0,0,1,1,0,0,0,0,0,0,0,3,0,0,0,0,1,6
262051,0,0,1,0,0,0,0,0,0,0,0,0,0,5,0,0,0,0,0,0,0,6
262054,0,1,2,0,108,0,0,1,2,3,1,0,0,0,2,1,2,1,0,1,1,126
262055,1,0,0,0,2,0,0,0,0,0,0,0,0,0,0,0,0,0,1,1,0,5
262058,0,0,0,0,0,0,0,0,0,0,0,0,1,0,0,0,0,0,0,0,0,1
262059,0,0,0,0,1,0,0,0,0,0,0,0,0,25,0,0,0,0,1,2,0,29
262062,0,0,0,0,0,0,1,0,0,1,1,0,0,13,0,0,0,0,0,0,0,16
262063,0,0,6,0,0,0,0,0,0,0,0,0,0,0,0,0,0,0,0,0,0,6
262065,0,0,0,0,0,0,0,0,0,0,1,0,0,0,0,0,0,1,0,0,0,2
262066,0,0,0,0,0,0,0,0,0,1,0,0,0,5,0,0,0,0,0,0,0,6
262067,5,2,3,400,2,2,3,3,3,0,3,2,2,3,1,0,3,3,4,3,1,448
262068,1,0,0,0,0,0,0,0,0,0,0,0,0,0,0,2,0,0,0,0,0,3
262069,0,0,0,0,0,0,0,0,0,1,0,0,0,17,0,1,0,0,0,0,0,19
262070,0,0,0,0,0,0,0,0,0,0,0,0,0,0,2,0,0,0,1,0,0,3
262071,0,1,0,0,0,0,1,1,0,0,1,0,0,0,0,0,0,0,1,1,0,6
262073,0,0,0,0,0,0,0,0,0,0,0,0,0,0,2,0,0,0,0,0,1,3
262074,0,0,0,0,8,0,0,1,0,0,2,0,0,0,0,0,0,0,2,0,0,13
262075,0,0,0,0,0,0,1,0,0,0,0,0,0,4,0,0,0,0,0,1,0,6
262077,0,0,0,0,15,0,0,0,1,1,0,1,0,0,0,0,1,0,0,0,1,20
262078,0,0,0,0,0,0,0,1,0,0,0,0,0,0,0,0,1,1,0,1,0,4
262079,0,0,0,32,0,0,0,0,0,0,0,0,0,0,0,0,0,0,1,0,0,33
262080,1,0,0,0,0,1,0,0,1,0,0,0,1,1,0,39,0,0,0,0,0,44
262081,0,0,0,0,0,0,0,0,1,0,0,1,0,0,1,0,0,0,0,1,0,4
262082,1,1,0,0,0,0,0,0,0,0,0,0,0,26,0,1,0,0,0,0,0,29
262083,0,0,0,0,0,0,0,0,18,1,0,0,0,1,0,0,0,0,0,0,1,21
262084,0,1,0,2,0,0,0,0,0,0,0,0,0,0,0,0,0,1,0,0,0,4
262085,0,0,0,0,0,0,0,0,0,0,0,0,1,19,1,0,0,0,0,0,0,21
262086,0,1,5,0,0,0,0,1,16,0,0,1,0,1,0,0,0,0,1,0,0,26
262088,0,0,0,0,0,0,0,0,0,0,0,0,0,0,1,0,0,0,0,0,0,1
262089,1,0,35,0,0,0,0,0,0,0,0,0,1,0,1,0,1,0,0,0,1,40
262090,2,0,2,3,5,1,2,1,4,2,1,4,3,512,1,4,5,2,2,4,4,564
262091,0,0,0,0,0,1,0,0,0,1,0,0,0,0,0,3,0,1,0,0,1,7
262092,0,0,0,0,0,0,0,0,0,0,0,0,0,2,0,0,0,0,0,0,0,2
262093,1,2,0,1,3,0,1,1,1,2,0,2,2,203,2,1,1,1,0,0,0,224
262094,1,1,1,1,0,0,0,0,0,1,1,2,1,0,0,39,0,0,1,2,0,51
262095,0,0,0,0,0,0,0,1,0,0,0,0,0,0,0,0,0,0,0,0,0,1
262096,1,1,0,1,0,236,2,1,3,3,2,0,1,1,1,1,2,0,0,0,0,256
262097,1,0,7,0,0,0,0,1,0,0,1,1,0,0,1,0,2,0,0,0,1,15
262098,0,0,0,0,1,5,0,0,0,1,0,0,0,0,0,0,1,0,1,1,0,10
262101,0,0,0,0,0,22,0,1,0,0,0,0,0,0,0,0,0,0,0,0,1,24
262102,1,0,0,0,1,0,0,1,0,0,1,0,0,1,0,0,1,0,0,1,0,7
262103,0,0,0,0,0,0,0,0,0,0,0,0,1,0,15,0,0,0,1,0,0,17
262104,0,0,0,0,0,0,0,0,0,0,0,0,0,0,0,0,0,0,2,0,0,2
262105,0,0,0,0,0,0,0,0,3,0,0,0,0,0,1,0,0,0,0,0,0,4
262106,0,1,0,2,0,242,1,0,2,2,3,1,1,0,1,0,5,2,1,4,1,269
262107,0,0,0,0,0,0,1,0,0,0,0,0,0,0,0,0,0,0,0,0,0,1
262108,0,0,0,0,0,0,0,0,0,0,0,0,0,0,0,0,0,0,3,0,0,3
262109,0,1,0,0,0,0,0,0,0,0,0,0,1,0,0,0,0,0,0,1,0,3
262110,1,0,0,0,3,252,1,0,0,1,1,1,0,1,2,0,0,1,2,0,0,266
262111,0,0,0,0,1,0,0,0,0,0,0,0,0,0,0,0,0,1,0,0,0,2
262113,0,0,0,0,0,0,0,1,0,0,0,1,0,0,0,0,0,0,0,0,0,2
262114,0,0,3,1,0,0,0,0,0,1,0,0,0,0,0,0,0,0,0,0,0,5
262115,0,0,19,0,0,0,0,0,0,0,0,0,0,0,0,0,0,0,0,0,1,20
262116,0,0,1,0,0,1,2,0,1,0,0,0,0,0,0,32,0,0,0,0,0,37
262117,1,1,0,26,0,0,0,0,0,0,0,0,0,0,0,0,0,0,1,0,1,30
262118,0,0,0,0,3,0,0,0,0,0,0,0,0,0,0,0,0,0,0,1,0,4
262119,0,0,0,0,1,0,0,1,0,0,0,0,0,0,0,0,0,0,0,0,1,3
262120,0,1,0,0,0,0,1,0,0,0,0,1,0,0,0,0,0,3,0,0,0,6
262121,0,0,0,0,0,0,0,0,0,0,0,0,1,0,0,0,0,0,0,0,0,1
262122,0,1,0,0,0,0,0,0,0,0,2,1,1,0,6,0,0,0,0,0,0,11
262123,0,0,0,0,3,0,0,0,0,0,1,0,0,0,0,0,0,0,0,0,0,4
262124,1,1,1,1,2,2,2,1,1,1,1,1,2,259,2,2,1,0,0,0,0,281
262125,0,0,0,0,0,0,0,0,0,0,0,0,2,0,0,0,0,0,0,0,0,2
262126,0,2,3,2,0,1,0,1,0,3,0,0,0,66,1,1,3,0,0,1,2,86
262127,0,0,0,15,0,0,0,0,0,0,0,0,0,0,0,0,0,0,0,0,0,15
262128,1,0,18,0,0,0,0,0,0,1,1,1,0,0,0,0,0,0,0,1,0,23
262129,1,3,3,458,1,0,0,4,1,2,3,3,1,5,5,2,2,0,3,2,1,500
262130,0,0,1,0,0,14,1,0,1,0,0,0,0,0,1,0,0,0,0,0,0,18
262131,0,0,0,0,0,0,0,0,0,0,0,0,0,0,4,0,0,0,0,0,0,4
262133,0,0,0,0,0,0,0,1,0,0,0,0,0,0,17,0,0,0,0,0,2,20
262134,0,0,0,0,0,0,0,0,1,0,0,0,0,0,0,0,0,0,0,0,0,1
262135,0,0,0,0,0,0,1,1,0,1,0,0,0,1,0,0,0,0,0,0,0,4
262137,0,1,0,0,1,1,0,1,1,0,0,1,0,41,0,1,0,1,1,0,0,50
262138,1,0,0,0,0,0,0,0,0,0,1,0,2,0,0,0,0,0,0,0,0,4
262139,0,0,0,0,0,0,0,0,0,0,0,1,0,0,0,0,0,1,0,0,0,2
262140,0,0,1,0,0,0,0,0,0,0,0,0,0,0,0,0,0,0,0,0,0,1
262141,1,0,0,0,0,0,0,0,2,0,0,0,0,0,0,0,0,0,0,0,0,3
262142,0,0,0,9,0,0,0,0,0,0,0,1,0,0,0,0,0,0,0,0,1,11
262143,0,1,0,0,0,0,0,1,1,0,0,1,0,0,0,11,0,0,0,1,0,16

# VisitedStates,1765 / 262144
# VisitedStateActionPairs,6181 / 5505024
# TotalVisits,48482
