ScenarioId,RunId,Step,Z1Before,Z2Before,Z3Before,Z4Before,Z1Target,Z2Target,Z3Target,Z4Target,ActionLabel,Z1After,Z2After,Z3After,Z4After,WasMasked,CrossZoneInterference,Z1Temp,Z2Temp,Z3Temp,Z4Temp,SunshineRank,ActuatorState,StuckFired
1,1,0,0,0,,,3,3,,,http://example.org/was#SetSpotlight=true,0,0,,,0,0,,,,,0,Z1Blinds=false;Z2Light=false;Z1Light=false;Z2Blinds=false;Spotlight=true,0
1,1,1,2,2,,,3,3,,,http://example.org/was#SetZ2Light=true,2,2,,,0,0,,,,,0,Z1Blinds=false;Z2Light=true;Z1Light=false;Z2Blinds=false;Spotlight=true,0
1,1,2,2,3,,,3,3,,,http://example.org/was#SetSpotlight=false,2,3,,,0,0,,,,,0,Z1Blinds=false;Z2Light=true;Z1Light=false;Z2Blinds=false;Spotlight=false,0
1,1,3,2,3,,,3,3,,,http://example.org/was#SetZ1Light=true,2,3,,,0,0,,,,,0,Z1Blinds=false;Z2Light=true;Z1Light=true;Z2Blinds=false;Spotlight=false,0
3,1,0,2,3,,,3,3,,,http://example.org/was#SetZ1Light=true,2,3,,,0,0,,,,,0,Z1Blinds=false;Z2Light=true;Z1Light=true;Z2Blinds=false;Spotlight=false,0
5,1,0,0,0,,,3,3,,,http://example.org/was#SetSpotlight=true,0,0,,,0,0,,,,,1,Z1Blinds=false;Z2Light=false;Z1Light=false;Z2Blinds=false;Spotlight=true,0
5,1,1,2,2,,,3,3,,,http://example.org/was#SetZ1Light=true,2,2,,,0,0,,,,,1,Z1Blinds=false;Z2Light=false;Z1Light=true;Z2Blinds=false;Spotlight=true,0
5,1,2,3,2,,,3,3,,,http://example.org/was#SetZ1Blinds=true,3,2,,,0,0,,,,,1,Z1Blinds=true;Z2Light=false;Z1Light=true;Z2Blinds=false;Spotlight=true,0
7,1,0,3,2,,,3,3,,,http://example.org/was#SetZ2Light=true,3,2,,,0,0,,,,,1,Z1Blinds=false;Z2Light=true;Z1Light=true;Z2Blinds=false;Spotlight=false,0
8,1,0,2,2,,,3,3,,,http://example.org/was#SetZ1Light=true,2,2,,,0,0,,,,,1,Z1Blinds=false;Z2Light=false;Z1Light=true;Z2Blinds=false;Spotlight=true,0
8,1,1,3,2,,,3,3,,,http://example.org/was#SetZ1Blinds=true,3,2,,,0,0,,,,,1,Z1Blinds=true;Z2Light=false;Z1Light=true;Z2Blinds=false;Spotlight=true,0
9,1,0,0,0,,,3,3,,,http://example.org/was#SetSpotlight=true,0,0,,,0,0,,,,,2,Z1Blinds=false;Z2Light=false;Z1Light=false;Z2Blinds=false;Spotlight=true,0
9,1,1,2,2,,,3,3,,,http://example.org/was#SetZ1Blinds=true,2,2,,,0,0,,,,,2,Z1Blinds=true;Z2Light=false;Z1Light=false;Z2Blinds=false;Spotlight=true,0
9,1,2,3,2,,,3,3,,,http://example.org/was#SetZ1Light=true,3,2,,,0,0,,,,,2,Z1Blinds=true;Z2Light=false;Z1Light=true;Z2Blinds=false;Spotlight=true,0
11,1,0,2,3,,,3,3,,,http://example.org/was#SetZ2Blinds=true,2,3,,,0,0,,,,,2,Z1Blinds=false;Z2Light=true;Z1Light=false;Z2Blinds=true;Spotlight=false,0
11,1,1,2,3,,,3,3,,,http://example.org/was#SetZ2Blinds=false,2,3,,,0,0,,,,,2,Z1Blinds=false;Z2Light=true;Z1Light=false;Z2Blinds=false;Spotlight=false,0
11,1,2,2,3,,,3,3,,,http://example.org/was#SetZ2Blinds=true,2,3,,,0,0,,,,,2,Z1Blinds=false;Z2Light=true;Z1Light=false;Z2Blinds=true;Spotlight=false,0
11,1,3,2,3,,,3,3,,,http://example.org/was#SetZ2Blinds=false,2,3,,,0,0,,,,,2,Z1Blinds=false;Z2Light=true;Z1Light=false;Z2Blinds=false;Spotlight=false,0
11,1,4,2,3,,,3,3,,,http://example.org/was#SetZ2Blinds=true,2,3,,,0,0,,,,,2,Z1Blinds=false;Z2Light=true;Z1Light=false;Z2Blinds=true;Spotlight=false,0
11,1,5,2,3,,,3,3,,,http://example.org/was#SetZ2Blinds=false,2,3,,,0,0,,,,,2,Z1Blinds=false;Z2Light=true;Z1Light=false;Z2Blinds=false;Spotlight=false,0
11,1,6,2,3,,,3,3,,,http://example.org/was#SetZ2Blinds=true,2,3,,,0,0,,,,,2,Z1Blinds=false;Z2Light=true;Z1Light=false;Z2Blinds=true;Spotlight=false,0
11,1,7,2,3,,,3,3,,,http://example.org/was#SetZ2Blinds=false,2,3,,,0,0,,,,,2,Z1Blinds=false;Z2Light=true;Z1Light=false;Z2Blinds=false;Spotlight=false,0
11,1,8,2,3,,,3,3,,,http://example.org/was#SetZ2Blinds=true,2,3,,,0,0,,,,,2,Z1Blinds=false;Z2Light=true;Z1Light=false;Z2Blinds=true;Spotlight=false,0
11,1,9,2,3,,,3,3,,,http://example.org/was#SetZ2Blinds=false,2,3,,,0,0,,,,,2,Z1Blinds=false;Z2Light=true;Z1Light=false;Z2Blinds=false;Spotlight=false,0
11,1,10,2,3,,,3,3,,,http://example.org/was#SetZ2Blinds=true,2,3,,,0,0,,,,,2,Z1Blinds=false;Z2Light=true;Z1Light=false;Z2Blinds=true;Spotlight=false,0
11,1,11,2,3,,,3,3,,,http://example.org/was#SetZ2Blinds=false,2,3,,,0,0,,,,,2,Z1Blinds=false;Z2Light=true;Z1Light=false;Z2Blinds=false;Spotlight=false,0
11,1,12,2,3,,,3,3,,,http://example.org/was#SetZ2Blinds=true,2,3,,,0,0,,,,,2,Z1Blinds=false;Z2Light=true;Z1Light=false;Z2Blinds=true;Spotlight=false,0
11,1,13,2,3,,,3,3,,,http://example.org/was#SetZ2Blinds=false,2,3,,,0,0,,,,,2,Z1Blinds=false;Z2Light=true;Z1Light=false;Z2Blinds=false;Spotlight=false,0
11,1,14,2,3,,,3,3,,,http://example.org/was#SetZ2Blinds=true,2,3,,,0,0,,,,,2,Z1Blinds=false;Z2Light=true;Z1Light=false;Z2Blinds=true;Spotlight=false,0
11,1,15,2,3,,,3,3,,,http://example.org/was#SetZ2Blinds=false,2,3,,,0,0,,,,,2,Z1Blinds=false;Z2Light=true;Z1Light=false;Z2Blinds=false;Spotlight=false,0
11,1,16,2,3,,,3,3,,,http://example.org/was#SetZ2Blinds=true,2,3,,,0,0,,,,,2,Z1Blinds=false;Z2Light=true;Z1Light=false;Z2Blinds=true;Spotlight=false,0
11,1,17,2,3,,,3,3,,,http://example.org/was#SetZ2Blinds=false,2,3,,,0,0,,,,,2,Z1Blinds=false;Z2Light=true;Z1Light=false;Z2Blinds=false;Spotlight=false,0
11,1,18,2,3,,,3,3,,,http://example.org/was#SetZ2Blinds=true,2,3,,,0,0,,,,,2,Z1Blinds=false;Z2Light=true;Z1Light=false;Z2Blinds=true;Spotlight=false,0
11,1,19,2,3,,,3,3,,,http://example.org/was#SetZ2Blinds=false,2,3,,,0,0,,,,,2,Z1Blinds=false;Z2Light=true;Z1Light=false;Z2Blinds=false;Spotlight=false,0
13,1,0,0,0,,,3,3,,,http://example.org/was#SetSpotlight=true,0,0,,,0,0,,,,,3,Z1Blinds=false;Z2Light=false;Z1Light=false;Z2Blinds=false;Spotlight=true,0
13,1,1,2,2,,,3,3,,,http://example.org/was#SetZ2Blinds=true,3,3,,,0,0,,,,,3,Z1Blinds=false;Z2Light=false;Z1Light=false;Z2Blinds=true;Spotlight=true,0
15,1,0,2,3,,,3,3,,,http://example.org/was#SetZ2Blinds=true,2,3,,,0,0,,,,,3,Z1Blinds=false;Z2Light=true;Z1Light=false;Z2Blinds=true;Spotlight=false,0
1,2,0,0,0,,,3,3,,,http://example.org/was#SetSpotlight=true,0,0,,,0,0,,,,,0,Z1Blinds=false;Z2Light=false;Z1Light=false;Z2Blinds=false;Spotlight=true,0
1,2,1,2,2,,,3,3,,,http://example.org/was#SetZ2Light=true,2,2,,,0,0,,,,,0,Z1Blinds=false;Z2Light=true;Z1Light=false;Z2Blinds=false;Spotlight=true,0
1,2,2,2,3,,,3,3,,,http://example.org/was#SetSpotlight=false,2,3,,,0,0,,,,,0,Z1Blinds=false;Z2Light=true;Z1Light=false;Z2Blinds=false;Spotlight=false,0
1,2,3,2,3,,,3,3,,,http://example.org/was#SetZ1Light=true,2,3,,,0,0,,,,,0,Z1Blinds=false;Z2Light=true;Z1Light=true;Z2Blinds=false;Spotlight=false,0
3,2,0,2,3,,,3,3,,,http://example.org/was#SetZ1Light=true,2,3,,,0,0,,,,,0,Z1Blinds=false;Z2Light=true;Z1Light=true;Z2Blinds=false;Spotlight=false,0
5,2,0,0,0,,,3,3,,,http://example.org/was#SetSpotlight=true,0,0,,,0,0,,,,,1,Z1Blinds=false;Z2Light=false;Z1Light=false;Z2Blinds=false;Spotlight=true,0
5,2,1,2,2,,,3,3,,,http://example.org/was#SetZ1Light=true,2,2,,,0,0,,,,,1,Z1Blinds=false;Z2Light=false;Z1Light=true;Z2Blinds=false;Spotlight=true,0
5,2,2,3,2,,,3,3,,,http://example.org/was#SetZ1Blinds=true,3,2,,,0,0,,,,,1,Z1Blinds=true;Z2Light=false;Z1Light=true;Z2Blinds=false;Spotlight=true,0
7,2,0,3,2,,,3,3,,,http://example.org/was#SetZ2Light=true,3,2,,,0,0,,,,,1,Z1Blinds=false;Z2Light=true;Z1Light=true;Z2Blinds=false;Spotlight=false,0
8,2,0,2,2,,,3,3,,,http://example.org/was#SetZ1Light=true,2,2,,,0,0,,,,,1,Z1Blinds=false;Z2Light=false;Z1Light=true;Z2Blinds=false;Spotlight=true,0
8,2,1,3,2,,,3,3,,,http://example.org/was#SetZ1Blinds=true,3,2,,,0,0,,,,,1,Z1Blinds=true;Z2Light=false;Z1Light=true;Z2Blinds=false;Spotlight=true,0
9,2,0,0,0,,,3,3,,,http://example.org/was#SetSpotlight=true,0,0,,,0,0,,,,,2,Z1Blinds=false;Z2Light=false;Z1Light=false;Z2Blinds=false;Spotlight=true,0
9,2,1,2,2,,,3,3,,,http://example.org/was#SetZ1Blinds=true,2,2,,,0,0,,,,,2,Z1Blinds=true;Z2Light=false;Z1Light=false;Z2Blinds=false;Spotlight=true,0
9,2,2,3,2,,,3,3,,,http://example.org/was#SetZ1Light=true,3,2,,,0,0,,,,,2,Z1Blinds=true;Z2Light=false;Z1Light=true;Z2Blinds=false;Spotlight=true,0
11,2,0,2,3,,,3,3,,,http://example.org/was#SetZ2Blinds=true,2,3,,,0,0,,,,,2,Z1Blinds=false;Z2Light=true;Z1Light=false;Z2Blinds=true;Spotlight=false,0
11,2,1,2,3,,,3,3,,,http://example.org/was#SetZ2Blinds=false,2,3,,,0,0,,,,,2,Z1Blinds=false;Z2Light=true;Z1Light=false;Z2Blinds=false;Spotlight=false,0
11,2,2,2,3,,,3,3,,,http://example.org/was#SetZ2Blinds=true,2,3,,,0,0,,,,,2,Z1Blinds=false;Z2Light=true;Z1Light=false;Z2Blinds=true;Spotlight=false,0
11,2,3,2,3,,,3,3,,,http://example.org/was#SetZ2Blinds=false,2,3,,,0,0,,,,,2,Z1Blinds=false;Z2Light=true;Z1Light=false;Z2Blinds=false;Spotlight=false,0
11,2,4,2,3,,,3,3,,,http://example.org/was#SetZ2Blinds=true,2,3,,,0,0,,,,,2,Z1Blinds=false;Z2Light=true;Z1Light=false;Z2Blinds=true;Spotlight=false,0
11,2,5,2,3,,,3,3,,,http://example.org/was#SetZ2Blinds=false,2,3,,,0,0,,,,,2,Z1Blinds=false;Z2Light=true;Z1Light=false;Z2Blinds=false;Spotlight=false,0
11,2,6,2,3,,,3,3,,,http://example.org/was#SetZ2Blinds=true,2,3,,,0,0,,,,,2,Z1Blinds=false;Z2Light=true;Z1Light=false;Z2Blinds=true;Spotlight=false,0
11,2,7,2,3,,,3,3,,,http://example.org/was#SetZ2Blinds=false,2,3,,,0,0,,,,,2,Z1Blinds=false;Z2Light=true;Z1Light=false;Z2Blinds=false;Spotlight=false,0
11,2,8,2,3,,,3,3,,,http://example.org/was#SetZ2Blinds=true,2,3,,,0,0,,,,,2,Z1Blinds=false;Z2Light=true;Z1Light=false;Z2Blinds=true;Spotlight=false,0
11,2,9,2,3,,,3,3,,,http://example.org/was#SetZ2Blinds=false,2,3,,,0,0,,,,,2,Z1Blinds=false;Z2Light=true;Z1Light=false;Z2Blinds=false;Spotlight=false,0
11,2,10,2,3,,,3,3,,,http://example.org/was#SetZ2Blinds=true,2,3,,,0,0,,,,,2,Z1Blinds=false;Z2Light=true;Z1Light=false;Z2Blinds=true;Spotlight=false,0
11,2,11,2,3,,,3,3,,,http://example.org/was#SetZ2Blinds=false,2,3,,,0,0,,,,,2,Z1Blinds=false;Z2Light=true;Z1Light=false;Z2Blinds=false;Spotlight=false,0
11,2,12,2,3,,,3,3,,,http://example.org/was#SetZ2Blinds=true,2,3,,,0,0,,,,,2,Z1Blinds=false;Z2Light=true;Z1Light=false;Z2Blinds=true;Spotlight=false,0
11,2,13,2,3,,,3,3,,,http://example.org/was#SetZ2Blinds=false,2,3,,,0,0,,,,,2,Z1Blinds=false;Z2Light=true;Z1Light=false;Z2Blinds=false;Spotlight=false,0
11,2,14,2,3,,,3,3,,,http://example.org/was#SetZ2Blinds=true,2,3,,,0,0,,,,,2,Z1Blinds=false;Z2Light=true;Z1Light=false;Z2Blinds=true;Spotlight=false,0
11,2,15,2,3,,,3,3,,,http://example.org/was#SetZ2Blinds=false,2,3,,,0,0,,,,,2,Z1Blinds=false;Z2Light=true;Z1Light=false;Z2Blinds=false;Spotlight=false,0
11,2,16,2,3,,,3,3,,,http://example.org/was#SetZ2Blinds=true,2,3,,,0,0,,,,,2,Z1Blinds=false;Z2Light=true;Z1Light=false;Z2Blinds=true;Spotlight=false,0
11,2,17,2,3,,,3,3,,,http://example.org/was#SetZ2Blinds=false,2,3,,,0,0,,,,,2,Z1Blinds=false;Z2Light=true;Z1Light=false;Z2Blinds=false;Spotlight=false,0
11,2,18,2,3,,,3,3,,,http://example.org/was#SetZ2Blinds=true,2,3,,,0,0,,,,,2,Z1Blinds=false;Z2Light=true;Z1Light=false;Z2Blinds=true;Spotlight=false,0
11,2,19,2,3,,,3,3,,,http://example.org/was#SetZ2Blinds=false,2,3,,,0,0,,,,,2,Z1Blinds=false;Z2Light=true;Z1Light=false;Z2Blinds=false;Spotlight=false,0
13,2,0,0,0,,,3,3,,,http://example.org/was#SetSpotlight=true,0,0,,,0,0,,,,,3,Z1Blinds=false;Z2Light=false;Z1Light=false;Z2Blinds=false;Spotlight=true,0
13,2,1,2,2,,,3,3,,,http://example.org/was#SetZ2Blinds=true,2,2,,,0,0,,,,,3,Z1Blinds=false;Z2Light=false;Z1Light=false;Z2Blinds=true;Spotlight=true,0
15,2,0,2,3,,,3,3,,,http://example.org/was#SetZ2Blinds=true,2,3,,,0,0,,,,,3,Z1Blinds=false;Z2Light=true;Z1Light=false;Z2Blinds=true;Spotlight=false,0
1,3,0,0,0,,,3,3,,,http://example.org/was#SetSpotlight=true,0,0,,,0,0,,,,,0,Z1Blinds=false;Z2Light=false;Z1Light=false;Z2Blinds=false;Spotlight=true,0
1,3,1,2,2,,,3,3,,,http://example.org/was#SetZ2Light=true,2,2,,,0,0,,,,,0,Z1Blinds=false;Z2Light=true;Z1Light=false;Z2Blinds=false;Spotlight=true,0
1,3,2,2,3,,,3,3,,,http://example.org/was#SetSpotlight=false,2,3,,,0,0,,,,,0,Z1Blinds=false;Z2Light=true;Z1Light=false;Z2Blinds=false;Spotlight=false,0
1,3,3,2,3,,,3,3,,,http://example.org/was#SetZ1Light=true,2,3,,,0,0,,,,,0,Z1Blinds=false;Z2Light=true;Z1Light=true;Z2Blinds=false;Spotlight=false,0
3,3,0,2,3,,,3,3,,,http://example.org/was#SetZ1Light=true,2,3,,,0,0,,,,,0,Z1Blinds=false;Z2Light=true;Z1Light=true;Z2Blinds=false;Spotlight=false,0
5,3,0,0,0,,,3,3,,,http://example.org/was#SetSpotlight=true,0,0,,,0,0,,,,,1,Z1Blinds=false;Z2Light=false;Z1Light=false;Z2Blinds=false;Spotlight=true,0
5,3,1,2,2,,,3,3,,,http://example.org/was#SetZ1Light=true,2,2,,,0,0,,,,,1,Z1Blinds=false;Z2Light=false;Z1Light=true;Z2Blinds=false;Spotlight=true,0
5,3,2,3,2,,,3,3,,,http://example.org/was#SetZ1Blinds=true,3,2,,,0,0,,,,,1,Z1Blinds=true;Z2Light=false;Z1Light=true;Z2Blinds=false;Spotlight=true,0
7,3,0,3,2,,,3,3,,,http://example.org/was#SetZ2Light=true,3,2,,,0,0,,,,,1,Z1Blinds=false;Z2Light=true;Z1Light=true;Z2Blinds=false;Spotlight=false,0
8,3,0,2,2,,,3,3,,,http://example.org/was#SetZ1Light=true,2,2,,,0,0,,,,,1,Z1Blinds=false;Z2Light=false;Z1Light=true;Z2Blinds=false;Spotlight=true,0
8,3,1,3,2,,,3,3,,,http://example.org/was#SetZ1Blinds=true,3,2,,,0,0,,,,,1,Z1Blinds=true;Z2Light=false;Z1Light=true;Z2Blinds=false;Spotlight=true,0
9,3,0,0,0,,,3,3,,,http://example.org/was#SetSpotlight=true,0,0,,,0,0,,,,,2,Z1Blinds=false;Z2Light=false;Z1Light=false;Z2Blinds=false;Spotlight=true,0
9,3,1,2,2,,,3,3,,,http://example.org/was#SetZ1Blinds=true,2,2,,,0,0,,,,,2,Z1Blinds=true;Z2Light=false;Z1Light=false;Z2Blinds=false;Spotlight=true,0
9,3,2,3,2,,,3,3,,,http://example.org/was#SetZ1Light=true,3,2,,,0,0,,,,,2,Z1Blinds=true;Z2Light=false;Z1Light=true;Z2Blinds=false;Spotlight=true,0
11,3,0,2,3,,,3,3,,,http://example.org/was#SetZ2Blinds=true,2,3,,,0,0,,,,,2,Z1Blinds=false;Z2Light=true;Z1Light=false;Z2Blinds=true;Spotlight=false,0
11,3,1,2,3,,,3,3,,,http://example.org/was#SetZ2Blinds=false,2,3,,,0,0,,,,,2,Z1Blinds=false;Z2Light=true;Z1Light=false;Z2Blinds=false;Spotlight=false,0
11,3,2,2,3,,,3,3,,,http://example.org/was#SetZ2Blinds=true,2,3,,,0,0,,,,,2,Z1Blinds=false;Z2Light=true;Z1Light=false;Z2Blinds=true;Spotlight=false,0
11,3,3,2,3,,,3,3,,,http://example.org/was#SetZ2Blinds=false,2,3,,,0,0,,,,,2,Z1Blinds=false;Z2Light=true;Z1Light=false;Z2Blinds=false;Spotlight=false,0
11,3,4,2,3,,,3,3,,,http://example.org/was#SetZ2Blinds=true,2,3,,,0,0,,,,,2,Z1Blinds=false;Z2Light=true;Z1Light=false;Z2Blinds=true;Spotlight=false,0
11,3,5,2,3,,,3,3,,,http://example.org/was#SetZ2Blinds=false,2,3,,,0,0,,,,,2,Z1Blinds=false;Z2Light=true;Z1Light=false;Z2Blinds=false;Spotlight=false,0
11,3,6,2,3,,,3,3,,,http://example.org/was#SetZ2Blinds=true,2,3,,,0,0,,,,,2,Z1Blinds=false;Z2Light=true;Z1Light=false;Z2Blinds=true;Spotlight=false,0
11,3,7,2,3,,,3,3,,,http://example.org/was#SetZ2Blinds=false,2,3,,,0,0,,,,,2,Z1Blinds=false;Z2Light=true;Z1Light=false;Z2Blinds=false;Spotlight=false,0
11,3,8,2,3,,,3,3,,,http://example.org/was#SetZ2Blinds=true,2,3,,,0,0,,,,,2,Z1Blinds=false;Z2Light=true;Z1Light=false;Z2Blinds=true;Spotlight=false,0
11,3,9,2,3,,,3,3,,,http://example.org/was#SetZ2Blinds=false,2,3,,,0,0,,,,,2,Z1Blinds=false;Z2Light=true;Z1Light=false;Z2Blinds=false;Spotlight=false,0
11,3,10,2,3,,,3,3,,,http://example.org/was#SetZ2Blinds=true,2,3,,,0,0,,,,,2,Z1Blinds=false;Z2Light=true;Z1Light=false;Z2Blinds=true;Spotlight=false,0
11,3,11,2,3,,,3,3,,,http://example.org/was#SetZ2Blinds=false,2,3,,,0,0,,,,,2,Z1Blinds=false;Z2Light=true;Z1Light=false;Z2Blinds=false;Spotlight=false,0
11,3,12,2,3,,,3,3,,,http://example.org/was#SetZ2Blinds=true,2,3,,,0,0,,,,,2,Z1Blinds=false;Z2Light=true;Z1Light=false;Z2Blinds=true;Spotlight=false,0
11,3,13,2,3,,,3,3,,,http://example.org/was#SetZ2Blinds=false,2,3,,,0,0,,,,,2,Z1Blinds=false;Z2Light=true;Z1Light=false;Z2Blinds=false;Spotlight=false,0
11,3,14,2,3,,,3,3,,,http://example.org/was#SetZ2Blinds=true,2,3,,,0,0,,,,,2,Z1Blinds=false;Z2Light=true;Z1Light=false;Z2Blinds=true;Spotlight=false,0
11,3,15,2,3,,,3,3,,,http://example.org/was#SetZ2Blinds=false,2,3,,,0,0,,,,,2,Z1Blinds=false;Z2Light=true;Z1Light=false;Z2Blinds=false;Spotlight=false,0
11,3,16,2,3,,,3,3,,,http://example.org/was#SetZ2Blinds=true,2,3,,,0,0,,,,,2,Z1Blinds=false;Z2Light=true;Z1Light=false;Z2Blinds=true;Spotlight=false,0
11,3,17,2,3,,,3,3,,,http://example.org/was#SetZ2Blinds=false,2,3,,,0,0,,,,,2,Z1Blinds=false;Z2Light=true;Z1Light=false;Z2Blinds=false;Spotlight=false,0
11,3,18,2,3,,,3,3,,,http://example.org/was#SetZ2Blinds=true,2,3,,,0,0,,,,,2,Z1Blinds=false;Z2Light=true;Z1Light=false;Z2Blinds=true;Spotlight=false,0
11,3,19,2,3,,,3,3,,,http://example.org/was#SetZ2Blinds=false,2,3,,,0,0,,,,,2,Z1Blinds=false;Z2Light=true;Z1Light=false;Z2Blinds=false;Spotlight=false,0
13,3,0,0,0,,,3,3,,,http://example.org/was#SetSpotlight=true,0,0,,,0,0,,,,,3,Z1Blinds=false;Z2Light=false;Z1Light=false;Z2Blinds=false;Spotlight=true,0
13,3,1,2,2,,,3,3,,,http://example.org/was#SetZ2Blinds=true,2,2,,,0,0,,,,,3,Z1Blinds=false;Z2Light=false;Z1Light=false;Z2Blinds=true;Spotlight=true,0
15,3,0,2,3,,,3,3,,,http://example.org/was#SetZ2Blinds=true,2,3,,,0,0,,,,,3,Z1Blinds=false;Z2Light=true;Z1Light=false;Z2Blinds=true;Spotlight=false,0
1,4,0,0,0,,,3,3,,,http://example.org/was#SetSpotlight=true,0,0,,,0,0,,,,,0,Z1Blinds=false;Z2Light=false;Z1Light=false;Z2Blinds=false;Spotlight=true,0
1,4,1,2,2,,,3,3,,,http://example.org/was#SetZ2Light=true,2,2,,,0,0,,,,,0,Z1Blinds=false;Z2Light=true;Z1Light=false;Z2Blinds=false;Spotlight=true,0
1,4,2,2,3,,,3,3,,,http://example.org/was#SetSpotlight=false,2,3,,,0,0,,,,,0,Z1Blinds=false;Z2Light=true;Z1Light=false;Z2Blinds=false;Spotlight=false,0
1,4,3,2,3,,,3,3,,,http://example.org/was#SetZ1Light=true,2,3,,,0,0,,,,,0,Z1Blinds=false;Z2Light=true;Z1Light=true;Z2Blinds=false;Spotlight=false,0
3,4,0,2,3,,,3,3,,,http://example.org/was#SetZ1Light=true,2,3,,,0,0,,,,,0,Z1Blinds=false;Z2Light=true;Z1Light=true;Z2Blinds=false;Spotlight=false,0
5,4,0,0,0,,,3,3,,,http://example.org/was#SetSpotlight=true,0,0,,,0,0,,,,,1,Z1Blinds=false;Z2Light=false;Z1Light=false;Z2Blinds=false;Spotlight=true,0
5,4,1,2,2,,,3,3,,,http://example.org/was#SetZ1Light=true,2,2,,,0,0,,,,,1,Z1Blinds=false;Z2Light=false;Z1Light=true;Z2Blinds=false;Spotlight=true,0
5,4,2,3,2,,,3,3,,,http://example.org/was#SetZ1Blinds=true,3,2,,,0,0,,,,,1,Z1Blinds=true;Z2Light=false;Z1Light=true;Z2Blinds=false;Spotlight=true,0
7,4,0,3,2,,,3,3,,,http://example.org/was#SetZ2Light=true,3,3,,,0,0,,,,,1,Z1Blinds=false;Z2Light=true;Z1Light=true;Z2Blinds=false;Spotlight=false,0
8,4,0,2,2,,,3,3,,,http://example.org/was#SetZ1Light=true,2,2,,,0,0,,,,,1,Z1Blinds=false;Z2Light=false;Z1Light=true;Z2Blinds=false;Spotlight=true,0
8,4,1,3,2,,,3,3,,,http://example.org/was#SetZ1Blinds=true,3,2,,,0,0,,,,,1,Z1Blinds=true;Z2Light=false;Z1Light=true;Z2Blinds=false;Spotlight=true,0
9,4,0,0,0,,,3,3,,,http://example.org/was#SetSpotlight=true,0,0,,,0,0,,,,,2,Z1Blinds=false;Z2Light=false;Z1Light=false;Z2Blinds=false;Spotlight=true,0
9,4,1,2,2,,,3,3,,,http://example.org/was#SetZ1Blinds=true,3,2,,,0,0,,,,,2,Z1Blinds=true;Z2Light=false;Z1Light=false;Z2Blinds=false;Spotlight=true,0
9,4,2,3,2,,,3,3,,,http://example.org/was#SetZ1Light=true,3,2,,,0,0,,,,,2,Z1Blinds=true;Z2Light=false;Z1Light=true;Z2Blinds=false;Spotlight=true,0
11,4,0,2,3,,,3,3,,,http://example.org/was#SetZ2Blinds=true,2,3,,,0,0,,,,,2,Z1Blinds=false;Z2Light=true;Z1Light=false;Z2Blinds=true;Spotlight=false,0
11,4,1,2,3,,,3,3,,,http://example.org/was#SetZ2Blinds=false,2,3,,,0,0,,,,,2,Z1Blinds=false;Z2Light=true;Z1Light=false;Z2Blinds=false;Spotlight=false,0
11,4,2,2,3,,,3,3,,,http://example.org/was#SetZ2Blinds=true,2,3,,,0,0,,,,,2,Z1Blinds=false;Z2Light=true;Z1Light=false;Z2Blinds=true;Spotlight=false,0
11,4,3,2,3,,,3,3,,,http://example.org/was#SetZ2Blinds=false,2,3,,,0,0,,,,,2,Z1Blinds=false;Z2Light=true;Z1Light=false;Z2Blinds=false;Spotlight=false,0
11,4,4,2,3,,,3,3,,,http://example.org/was#SetZ2Blinds=true,2,3,,,0,0,,,,,2,Z1Blinds=false;Z2Light=true;Z1Light=false;Z2Blinds=true;Spotlight=false,0
11,4,5,2,3,,,3,3,,,http://example.org/was#SetZ2Blinds=false,2,3,,,0,0,,,,,2,Z1Blinds=false;Z2Light=true;Z1Light=false;Z2Blinds=false;Spotlight=false,0
11,4,6,2,3,,,3,3,,,http://example.org/was#SetZ2Blinds=true,2,3,,,0,0,,,,,2,Z1Blinds=false;Z2Light=true;Z1Light=false;Z2Blinds=true;Spotlight=false,0
11,4,7,2,3,,,3,3,,,http://example.org/was#SetZ2Blinds=false,2,3,,,0,0,,,,,2,Z1Blinds=false;Z2Light=true;Z1Light=false;Z2Blinds=false;Spotlight=false,0
11,4,8,2,3,,,3,3,,,http://example.org/was#SetZ2Blinds=true,2,3,,,0,0,,,,,2,Z1Blinds=false;Z2Light=true;Z1Light=false;Z2Blinds=true;Spotlight=false,0
11,4,9,2,3,,,3,3,,,http://example.org/was#SetZ2Blinds=false,2,3,,,0,0,,,,,2,Z1Blinds=false;Z2Light=true;Z1Light=false;Z2Blinds=false;Spotlight=false,0
11,4,10,2,3,,,3,3,,,http://example.org/was#SetZ2Blinds=true,2,3,,,0,0,,,,,2,Z1Blinds=false;Z2Light=true;Z1Light=false;Z2Blinds=true;Spotlight=false,0
11,4,11,2,3,,,3,3,,,http://example.org/was#SetZ2Blinds=false,2,3,,,0,0,,,,,2,Z1Blinds=false;Z2Light=true;Z1Light=false;Z2Blinds=false;Spotlight=false,0
11,4,12,2,3,,,3,3,,,http://example.org/was#SetZ2Blinds=true,2,3,,,0,0,,,,,2,Z1Blinds=false;Z2Light=true;Z1Light=false;Z2Blinds=true;Spotlight=false,0
11,4,13,2,3,,,3,3,,,http://example.org/was#SetZ2Blinds=false,2,3,,,0,0,,,,,2,Z1Blinds=false;Z2Light=true;Z1Light=false;Z2Blinds=false;Spotlight=false,0
11,4,14,2,3,,,3,3,,,http://example.org/was#SetZ2Blinds=true,2,3,,,0,0,,,,,2,Z1Blinds=false;Z2Light=true;Z1Light=false;Z2Blinds=true;Spotlight=false,0
11,4,15,2,3,,,3,3,,,http://example.org/was#SetZ2Blinds=false,2,3,,,0,0,,,,,2,Z1Blinds=false;Z2Light=true;Z1Light=false;Z2Blinds=false;Spotlight=false,0
11,4,16,2,3,,,3,3,,,http://example.org/was#SetZ2Blinds=true,2,3,,,0,0,,,,,2,Z1Blinds=false;Z2Light=true;Z1Light=false;Z2Blinds=true;Spotlight=false,0
11,4,17,2,3,,,3,3,,,http://example.org/was#SetZ2Blinds=false,2,3,,,0,0,,,,,2,Z1Blinds=false;Z2Light=true;Z1Light=false;Z2Blinds=false;Spotlight=false,0
11,4,18,2,3,,,3,3,,,http://example.org/was#SetZ2Blinds=true,2,3,,,0,0,,,,,2,Z1Blinds=false;Z2Light=true;Z1Light=false;Z2Blinds=true;Spotlight=false,0
11,4,19,2,3,,,3,3,,,http://example.org/was#SetZ2Blinds=false,2,3,,,0,0,,,,,2,Z1Blinds=false;Z2Light=true;Z1Light=false;Z2Blinds=false;Spotlight=false,0
13,4,0,0,0,,,3,3,,,http://example.org/was#SetSpotlight=true,0,0,,,0,0,,,,,3,Z1Blinds=false;Z2Light=false;Z1Light=false;Z2Blinds=false;Spotlight=true,0
13,4,1,2,2,,,3,3,,,http://example.org/was#SetZ2Blinds=true,2,2,,,0,0,,,,,3,Z1Blinds=false;Z2Light=false;Z1Light=false;Z2Blinds=true;Spotlight=true,0
15,4,0,2,3,,,3,3,,,http://example.org/was#SetZ2Blinds=true,2,3,,,0,0,,,,,3,Z1Blinds=false;Z2Light=true;Z1Light=false;Z2Blinds=true;Spotlight=false,0
1,5,0,0,0,,,3,3,,,http://example.org/was#SetSpotlight=true,0,0,,,0,0,,,,,0,Z1Blinds=false;Z2Light=false;Z1Light=false;Z2Blinds=false;Spotlight=true,0
1,5,1,2,2,,,3,3,,,http://example.org/was#SetZ2Light=true,2,2,,,0,0,,,,,0,Z1Blinds=false;Z2Light=true;Z1Light=false;Z2Blinds=false;Spotlight=true,0
1,5,2,2,3,,,3,3,,,http://example.org/was#SetSpotlight=false,2,3,,,0,0,,,,,0,Z1Blinds=false;Z2Light=true;Z1Light=false;Z2Blinds=false;Spotlight=false,0
1,5,3,2,3,,,3,3,,,http://example.org/was#SetZ1Light=true,2,3,,,0,0,,,,,0,Z1Blinds=false;Z2Light=true;Z1Light=true;Z2Blinds=false;Spotlight=false,0
3,5,0,2,3,,,3,3,,,http://example.org/was#SetZ1Light=true,2,3,,,0,0,,,,,0,Z1Blinds=false;Z2Light=true;Z1Light=true;Z2Blinds=false;Spotlight=false,0
5,5,0,0,0,,,3,3,,,http://example.org/was#SetSpotlight=true,0,0,,,0,0,,,,,1,Z1Blinds=false;Z2Light=false;Z1Light=false;Z2Blinds=false;Spotlight=true,0
5,5,1,2,2,,,3,3,,,http://example.org/was#SetZ1Light=true,2,2,,,0,0,,,,,1,Z1Blinds=false;Z2Light=false;Z1Light=true;Z2Blinds=false;Spotlight=true,0
5,5,2,3,2,,,3,3,,,http://example.org/was#SetZ1Blinds=true,3,2,,,0,0,,,,,1,Z1Blinds=true;Z2Light=false;Z1Light=true;Z2Blinds=false;Spotlight=true,0
7,5,0,3,2,,,3,3,,,http://example.org/was#SetZ2Light=true,3,2,,,0,0,,,,,1,Z1Blinds=false;Z2Light=true;Z1Light=true;Z2Blinds=false;Spotlight=false,0
8,5,0,2,2,,,3,3,,,http://example.org/was#SetZ1Light=true,2,2,,,0,0,,,,,1,Z1Blinds=false;Z2Light=false;Z1Light=true;Z2Blinds=false;Spotlight=true,0
8,5,1,3,2,,,3,3,,,http://example.org/was#SetZ1Blinds=true,3,2,,,0,0,,,,,1,Z1Blinds=true;Z2Light=false;Z1Light=true;Z2Blinds=false;Spotlight=true,0
9,5,0,0,0,,,3,3,,,http://example.org/was#SetSpotlight=true,0,0,,,0,0,,,,,2,Z1Blinds=false;Z2Light=false;Z1Light=false;Z2Blinds=false;Spotlight=true,0
9,5,1,2,2,,,3,3,,,http://example.org/was#SetZ1Blinds=true,2,2,,,0,0,,,,,2,Z1Blinds=true;Z2Light=false;Z1Light=false;Z2Blinds=false;Spotlight=true,0
9,5,2,3,2,,,3,3,,,http://example.org/was#SetZ1Light=true,3,2,,,0,0,,,,,2,Z1Blinds=true;Z2Light=false;Z1Light=true;Z2Blinds=false;Spotlight=true,0
11,5,0,2,3,,,3,3,,,http://example.org/was#SetZ2Blinds=true,2,3,,,0,0,,,,,2,Z1Blinds=false;Z2Light=true;Z1Light=false;Z2Blinds=true;Spotlight=false,0
11,5,1,2,3,,,3,3,,,http://example.org/was#SetZ2Blinds=false,2,3,,,0,0,,,,,2,Z1Blinds=false;Z2Light=true;Z1Light=false;Z2Blinds=false;Spotlight=false,0
11,5,2,2,3,,,3,3,,,http://example.org/was#SetZ2Blinds=true,2,3,,,0,0,,,,,2,Z1Blinds=false;Z2Light=true;Z1Light=false;Z2Blinds=true;Spotlight=false,0
11,5,3,2,3,,,3,3,,,http://example.org/was#SetZ2Blinds=false,2,3,,,0,0,,,,,2,Z1Blinds=false;Z2Light=true;Z1Light=false;Z2Blinds=false;Spotlight=false,0
11,5,4,2,3,,,3,3,,,http://example.org/was#SetZ2Blinds=true,2,3,,,0,0,,,,,2,Z1Blinds=false;Z2Light=true;Z1Light=false;Z2Blinds=true;Spotlight=false,0
11,5,5,2,3,,,3,3,,,http://example.org/was#SetZ2Blinds=false,2,3,,,0,0,,,,,2,Z1Blinds=false;Z2Light=true;Z1Light=false;Z2Blinds=false;Spotlight=false,0
11,5,6,2,3,,,3,3,,,http://example.org/was#SetZ2Blinds=true,2,3,,,0,0,,,,,2,Z1Blinds=false;Z2Light=true;Z1Light=false;Z2Blinds=true;Spotlight=false,0
11,5,7,2,3,,,3,3,,,http://example.org/was#SetZ2Blinds=false,2,3,,,0,0,,,,,2,Z1Blinds=false;Z2Light=true;Z1Light=false;Z2Blinds=false;Spotlight=false,0
11,5,8,2,3,,,3,3,,,http://example.org/was#SetZ2Blinds=true,2,3,,,0,0,,,,,2,Z1Blinds=false;Z2Light=true;Z1Light=false;Z2Blinds=true;Spotlight=false,0
11,5,9,2,3,,,3,3,,,http://example.org/was#SetZ2Blinds=false,2,3,,,0,0,,,,,2,Z1Blinds=false;Z2Light=true;Z1Light=false;Z2Blinds=false;Spotlight=false,0
11,5,10,2,3,,,3,3,,,http://example.org/was#SetZ2Blinds=true,2,3,,,0,0,,,,,2,Z1Blinds=false;Z2Light=true;Z1Light=false;Z2Blinds=true;Spotlight=false,0
11,5,11,2,3,,,3,3,,,http://example.org/was#SetZ2Blinds=false,2,3,,,0,0,,,,,2,Z1Blinds=false;Z2Light=true;Z1Light=false;Z2Blinds=false;Spotlight=false,0
11,5,12,2,3,,,3,3,,,http://example.org/was#SetZ2Blinds=true,2,3,,,0,0,,,,,2,Z1Blinds=false;Z2Light=true;Z1Light=false;Z2Blinds=true;Spotlight=false,0
11,5,13,2,3,,,3,3,,,http://example.org/was#SetZ2Blinds=false,2,3,,,0,0,,,,,2,Z1Blinds=false;Z2Light=true;Z1Light=false;Z2Blinds=false;Spotlight=false,0
11,5,14,2,3,,,3,3,,,http://example.org/was#SetZ2Blinds=true,2,3,,,0,0,,,,,2,Z1Blinds=false;Z2Light=true;Z1Light=false;Z2Blinds=true;Spotlight=false,0
11,5,15,2,3,,,3,3,,,http://example.org/was#SetZ2Blinds=false,2,3,,,0,0,,,,,2,Z1Blinds=false;Z2Light=true;Z1Light=false;Z2Blinds=false;Spotlight=false,0
11,5,16,2,3,,,3,3,,,http://example.org/was#SetZ2Blinds=true,2,3,,,0,0,,,,,2,Z1Blinds=false;Z2Light=true;Z1Light=false;Z2Blinds=true;Spotlight=false,0
11,5,17,2,3,,,3,3,,,http://example.org/was#SetZ2Blinds=false,2,3,,,0,0,,,,,2,Z1Blinds=false;Z2Light=true;Z1Light=false;Z2Blinds=false;Spotlight=false,0
11,5,18,2,3,,,3,3,,,http://example.org/was#SetZ2Blinds=true,2,3,,,0,0,,,,,2,Z1Blinds=false;Z2Light=true;Z1Light=false;Z2Blinds=true;Spotlight=false,0
11,5,19,2,3,,,3,3,,,http://example.org/was#SetZ2Blinds=false,2,3,,,0,0,,,,,2,Z1Blinds=false;Z2Light=true;Z1Light=false;Z2Blinds=false;Spotlight=false,0
13,5,0,0,0,,,3,3,,,http://example.org/was#SetSpotlight=true,0,0,,,0,0,,,,,3,Z1Blinds=false;Z2Light=false;Z1Light=false;Z2Blinds=false;Spotlight=true,0
13,5,1,2,2,,,3,3,,,http://example.org/was#SetZ2Blinds=true,2,2,,,0,0,,,,,3,Z1Blinds=false;Z2Light=false;Z1Light=false;Z2Blinds=true;Spotlight=true,0
15,5,0,2,3,,,3,3,,,http://example.org/was#SetZ2Blinds=true,2,3,,,0,0,,,,,3,Z1Blinds=false;Z2Light=true;Z1Light=false;Z2Blinds=true;Spotlight=false,0
