Episode,Steps,RewardZ1,RewardZ2,GoalReached,Epsilon,WastedByPenalty,WastedByNoEffect
0,19,-114.00,-114.00,0,0.300000,14,12
1,20,-125.00,-115.00,0,0.298800,17,9
2,9,8.00,37.00,1,0.297605,3,6
3,20,-110.00,-130.00,0,0.296414,16,10
4,20,-60.00,-10.00,0,0.295229,11,7
5,20,-30.00,-60.00,0,0.294048,12,9
6,20,-40.00,-40.00,0,0.292872,11,12
7,20,5.00,-30.00,0,0.291700,10,5
8,20,-23.00,-85.00,0,0.290533,13,8
9,20,-20.00,-32.00,0,0.289371,12,12
10,14,23.00,17.00,1,0.288214,3,11
11,20,-105.00,-135.00,0,0.287061,11,14
12,20,-115.00,-125.00,0,0.285913,15,13
13,1,4.00,50.00,1,0.284769,0,0
14,20,-135.00,-105.00,0,0.283630,17,12
15,20,10.00,-40.00,0,0.282495,9,3
16,20,-55.00,-65.00,0,0.281365,12,16
17,20,-40.00,-90.00,0,0.280240,12,13
18,20,25.00,-28.00,0,0.279119,11,3
19,20,17.00,-20.00,0,0.278002,11,3
20,20,-86.00,-27.00,0,0.276890,12,13
21,20,-103.00,-71.00,0,0.275783,14,14
22,20,-100.00,-140.00,0,0.274680,16,10
23,20,-115.00,-125.00,0,0.273581,17,12
24,20,-32.00,-20.00,0,0.272487,12,12
25,20,-110.00,-130.00,0,0.271397,16,15
26,20,15.00,5.00,0,0.270311,9,2
27,20,-65.00,-25.00,0,0.269230,11,9
28,20,-40.00,-40.00,0,0.268153,11,12
29,20,-115.00,-125.00,0,0.267080,17,12
30,20,23.00,-48.00,0,0.266012,10,5
31,20,-10.00,-20.00,0,0.264948,9,10
32,1,50.00,4.00,1,0.263888,0,0
33,20,-150.00,-90.00,0,0.262833,16,10
34,20,-115.00,-125.00,0,0.261781,15,13
35,20,-120.00,-120.00,0,0.260734,16,10
36,20,-120.00,-120.00,0,0.259691,16,12
37,20,-40.00,-10.00,0,0.258653,10,5
38,20,-30.00,-30.00,0,0.257618,12,10
39,20,-30.00,-80.00,0,0.256587,11,11
40,3,53.00,-1.00,1,0.255561,1,0
41,20,-6.00,-36.00,0,0.254539,11,2
42,20,-5.00,-3.00,0,0.253521,11,8
43,1,4.00,50.00,1,0.252507,0,0
44,20,-130.00,-110.00,0,0.251497,16,12
45,20,-105.00,-135.00,0,0.250491,17,13
46,1,50.00,4.00,1,0.249489,0,0
47,20,-120.00,-120.00,0,0.248491,16,12
48,20,-35.00,-45.00,0,0.247497,11,4
49,20,-45.00,-55.00,0,0.246507,13,14
50,20,-25.00,-15.00,0,0.245521,10,8
51,20,-37.00,-98.00,0,0.244539,11,15
52,20,-19.00,-23.00,0,0.243560,10,2
53,20,13.00,-38.00,0,0.242586,10,5
54,20,-40.00,-30.00,0,0.241616,11,7
55,20,-115.00,-125.00,0,0.240649,17,10
56,20,-135.00,-105.00,0,0.239687,15,13
57,1,4.00,50.00,1,0.238728,0,0
58,20,-135.00,-105.00,0,0.237773,15,12
59,20,-20.00,-20.00,0,0.236822,10,0
60,20,-25.00,5.00,0,0.235875,9,6
61,20,-10.00,-60.00,0,0.234931,11,7
62,20,-20.00,-50.00,0,0.233992,11,7
63,20,-24.00,-40.00,0,0.233056,10,4
64,20,-4.00,18.00,0,0.232123,11,6
65,1,50.00,4.00,1,0.231195,0,0
66,20,-130.00,-110.00,0,0.230270,16,14
67,20,-125.00,-115.00,0,0.229349,17,10
68,20,-50.00,0.00,0,0.228432,10,5
69,20,-115.00,-125.00,0,0.227518,19,11
70,20,0.00,0.00,0,0.226608,11,4
71,20,15.00,-15.00,0,0.225701,10,4
72,20,-25.00,-15.00,0,0.224799,12,8
73,0,0.00,0.00,1,0.223899,0,0
74,20,-17.00,-25.00,0,0.223004,10,2
75,20,6.00,30.00,0,0.222112,10,4
76,20,-135.00,-105.00,0,0.221223,17,9
77,20,-115.00,-125.00,0,0.220338,15,11
78,20,-120.00,-120.00,0,0.219457,16,12
79,20,-70.00,-20.00,0,0.218579,12,9
80,20,-125.00,-115.00,0,0.217705,13,11
81,20,-15.00,-35.00,0,0.216834,11,5
82,20,5.00,-35.00,0,0.215967,10,3
83,20,0.00,0.00,0,0.215103,9,4
84,0,0.00,0.00,1,0.214243,0,0
85,20,-34.00,-30.00,0,0.213386,12,4
86,20,28.00,8.00,0,0.212532,10,4
87,20,-58.00,33.00,0,0.211682,10,5
88,20,-115.00,-125.00,0,0.210835,17,11
89,20,-130.00,-110.00,0,0.209992,14,13
90,20,-120.00,-120.00,0,0.209152,16,12
91,20,-105.00,-135.00,0,0.208315,17,13
92,20,10.00,10.00,0,0.207482,8,2
93,20,-10.00,-10.00,0,0.206652,10,6
94,20,-25.00,-5.00,0,0.205825,10,3
95,20,-35.00,-25.00,0,0.205002,10,2
96,20,-4.00,-60.00,0,0.204182,12,4
97,20,1.00,-26.00,0,0.203365,10,5
98,1,4.00,50.00,1,0.202552,0,0
99,20,-120.00,-120.00,0,0.201742,16,13
100,20,-120.00,-120.00,0,0.200935,18,10
101,5,20.00,46.00,1,0.200131,0,4
102,20,-125.00,-115.00,0,0.199331,15,12
103,20,10.00,-40.00,0,0.198533,9,3
104,20,-25.00,-5.00,0,0.197739,10,3
105,20,5.00,-55.00,0,0.196948,11,5
106,20,-81.00,-93.00,0,0.196160,12,14
107,20,35.00,-60.00,0,0.195376,10,5
108,20,23.00,13.00,0,0.194594,9,4
109,20,-120.00,-71.00,0,0.193816,13,11
110,20,-130.00,-110.00,0,0.193041,16,12
111,20,-100.00,-140.00,0,0.192268,16,12
112,20,5.00,-35.00,0,0.191499,10,3
113,20,-105.00,-135.00,0,0.190733,17,11
114,20,-45.00,-55.00,0,0.189970,10,6
115,20,5.00,15.00,0,0.189210,9,2
116,20,5.00,15.00,0,0.188454,9,2
117,20,-38.00,-65.00,0,0.187700,12,3
118,20,8.00,-55.00,0,0.186949,12,7
119,20,18.00,-21.00,0,0.186201,10,3
120,20,10.00,-40.00,0,0.185456,9,3
121,20,-110.00,-130.00,0,0.184715,16,11
122,20,-125.00,-115.00,0,0.183976,17,13
123,20,-100.00,-140.00,0,0.183240,16,13
124,20,-135.00,-105.00,0,0.182507,17,12
125,20,-50.00,0.00,0,0.181777,10,5
126,20,5.00,-35.00,0,0.181050,10,3
127,20,5.00,-35.00,0,0.180326,10,3
128,20,-140.00,-100.00,0,0.179604,16,10
129,20,3.00,-50.00,0,0.178886,13,7
130,20,28.00,-53.00,0,0.178170,11,5
131,1,50.00,4.00,1,0.177458,0,0
132,20,-110.00,-130.00,0,0.176748,16,13
133,20,-130.00,-110.00,0,0.176041,14,12
134,20,-110.00,-130.00,0,0.175337,14,12
135,20,-130.00,-110.00,0,0.174635,16,10
136,20,-60.00,-10.00,0,0.173937,11,7
137,20,-5.00,-15.00,0,0.173241,9,6
138,20,-5.00,5.00,0,0.172548,10,4
139,20,-110.00,-130.00,0,0.171858,14,13
140,20,29.00,-32.00,0,0.171170,11,3
141,20,15.00,43.00,0,0.170486,10,2
142,20,-120.00,-120.00,0,0.169804,18,11
143,20,-125.00,-115.00,0,0.169125,17,11
144,20,-115.00,-125.00,0,0.168448,17,10
145,20,-43.00,40.00,0,0.167774,10,3
146,20,-130.00,-110.00,0,0.167103,16,14
147,20,-40.00,-10.00,0,0.166435,8,5
148,20,10.00,10.00,0,0.165769,10,2
149,20,10.00,-20.00,0,0.165106,10,1
150,20,-15.00,-15.00,0,0.164446,12,10
151,20,18.00,-21.00,0,0.163788,10,3
152,20,27.00,31.00,0,0.163133,8,2
153,20,-95.00,-105.00,0,0.162480,13,16
154,20,-125.00,-115.00,0,0.161830,15,13
155,20,-130.00,-110.00,0,0.161183,16,13
156,20,-125.00,-115.00,0,0.160538,15,12
157,20,-110.00,-130.00,0,0.159896,16,12
158,20,-10.00,10.00,0,0.159256,11,4
159,20,-5.00,-45.00,0,0.158619,11,5
160,20,-5.00,-25.00,0,0.157985,10,3
161,20,-120.00,-90.00,0,0.157353,13,13
162,20,8.00,28.00,0,0.156723,10,4
163,20,25.00,-6.00,0,0.156097,10,1
164,3,53.00,-1.00,1,0.155472,1,0
165,20,-115.00,-125.00,0,0.154850,17,11
166,20,-110.00,-130.00,0,0.154231,16,12
167,2,54.00,49.00,1,0.153614,0,0
168,20,-130.00,-110.00,0,0.153000,16,11
169,20,-45.00,-5.00,0,0.152388,9,5
170,20,20.00,20.00,0,0.151778,9,0
171,20,-35.00,5.00,0,0.151171,10,3
172,0,0.00,0.00,1,0.150566,0,0
173,20,31.00,-12.00,0,0.149964,10,1
174,20,32.00,-13.00,0,0.149364,9,1
175,2,8.00,39.00,1,0.148767,1,1
176,20,-110.00,-130.00,0,0.148172,16,12
177,20,-125.00,-115.00,0,0.147579,15,13
178,20,-105.00,-135.00,0,0.146989,17,12
179,20,-115.00,-125.00,0,0.146401,17,12
180,20,5.00,-35.00,0,0.145815,10,3
181,20,0.00,0.00,0,0.145232,9,4
182,20,20.00,20.00,0,0.144651,9,0
183,20,37.00,-79.00,0,0.144072,11,2
184,20,31.00,49.00,0,0.143496,9,0
185,20,-22.00,41.00,0,0.142922,10,1
186,20,5.00,-5.00,0,0.142350,10,4
187,20,-120.00,-120.00,0,0.141781,16,11
188,20,-115.00,-125.00,0,0.141214,17,11
189,20,-135.00,-105.00,0,0.140649,17,14
190,20,-120.00,-120.00,0,0.140086,16,10
191,20,-40.00,-40.00,0,0.139526,10,4
192,20,10.00,10.00,0,0.138968,10,2
193,20,-20.00,10.00,0,0.138412,10,1
194,20,-22.00,-20.00,0,0.137858,9,2
195,20,28.00,30.00,0,0.137307,9,2
196,20,39.00,41.00,0,0.136758,9,0
197,20,-45.00,-35.00,0,0.136211,11,4
198,20,-120.00,-120.00,0,0.135666,16,10
199,20,-130.00,-110.00,0,0.135123,16,12
200,0,0.00,0.00,1,0.134583,0,0
201,20,-115.00,-125.00,0,0.134044,15,13
202,20,-5.00,5.00,0,0.133508,10,4
203,20,-10.00,10.00,0,0.132974,9,4
204,20,5.00,-35.00,0,0.132442,10,3
205,20,-115.00,-125.00,0,0.131912,17,12
206,20,18.00,-21.00,0,0.131385,10,3
207,20,2.00,-27.00,0,0.130859,11,5
208,20,-120.00,-120.00,0,0.130336,16,12
209,20,-120.00,-120.00,0,0.129814,16,11
210,20,-110.00,-130.00,0,0.129295,16,13
211,20,-80.00,-80.00,0,0.128778,12,12
212,20,-135.00,-105.00,0,0.128263,15,12
213,20,0.00,0.00,0,0.127750,9,4
214,20,10.00,10.00,0,0.127239,10,2
215,20,20.00,20.00,0,0.126730,9,0
216,20,-88.00,-47.00,0,0.126223,11,15
217,20,-28.00,-14.00,0,0.125718,11,2
218,20,36.00,22.00,0,0.125215,9,2
219,20,24.00,-27.00,0,0.124714,10,3
220,20,-110.00,-130.00,0,0.124215,16,12
221,20,-120.00,-120.00,0,0.123719,16,11
222,20,-140.00,-100.00,0,0.123224,14,14
223,20,-130.00,-110.00,0,0.122731,16,12
224,20,0.00,0.00,0,0.122240,9,4
225,20,10.00,10.00,0,0.121751,10,2
226,20,15.00,5.00,0,0.121264,9,2
227,20,-125.00,-115.00,0,0.120779,15,13
228,20,26.00,32.00,0,0.120296,9,2
229,20,14.00,-17.00,0,0.119815,10,3
230,0,0.00,0.00,1,0.119335,0,0
231,20,-125.00,-115.00,0,0.118858,17,12
232,20,-130.00,-110.00,0,0.118383,16,10
233,20,-75.00,-35.00,0,0.117909,11,3
234,20,-110.00,-130.00,0,0.117437,16,11
235,20,5.00,-5.00,0,0.116968,10,4
236,20,5.00,-55.00,0,0.116500,11,5
237,20,5.00,-55.00,0,0.116034,11,5
238,20,-81.00,-10.00,0,0.115570,12,11
239,20,-33.00,-9.00,0,0.115107,10,2
240,20,19.00,-22.00,0,0.114647,9,3
241,20,-115.00,-125.00,0,0.114188,17,12
242,20,-110.00,-130.00,0,0.113732,16,12
243,20,-120.00,-120.00,0,0.113277,16,12
244,20,-55.00,-65.00,0,0.112824,11,8
245,20,-130.00,-110.00,0,0.112372,16,13
246,20,5.00,15.00,0,0.111923,9,2
247,20,-30.00,0.00,0,0.111475,11,3
248,20,-40.00,10.00,0,0.111029,11,3
249,20,-60.00,-90.00,0,0.110585,12,7
250,20,13.00,45.00,0,0.110143,10,2
251,20,24.00,12.00,0,0.109702,10,4
252,20,7.00,-54.00,0,0.109263,11,7
253,20,-130.00,-110.00,0,0.108826,16,12
254,20,-110.00,-130.00,0,0.108391,16,14
255,20,-105.00,-135.00,0,0.107957,17,10
256,20,-95.00,-145.00,0,0.107526,17,11
257,20,-5.00,5.00,0,0.107096,10,4
258,20,-30.00,0.00,0,0.106667,9,3
259,20,20.00,20.00,0,0.106240,9,0
260,2,54.00,49.00,1,0.105815,0,0
261,20,21.00,37.00,0,0.105392,8,2
262,20,39.00,41.00,0,0.104971,9,0
263,20,0.00,-50.00,0,0.104551,8,5
264,20,-135.00,-105.00,0,0.104133,15,14
265,20,-140.00,-100.00,0,0.103716,16,10
266,20,-100.00,-140.00,0,0.103301,16,12
267,20,-140.00,-100.00,0,0.102888,16,12
268,20,-5.00,-15.00,0,0.102476,11,6
269,20,20.00,20.00,0,0.102067,9,0
270,20,-40.00,10.00,0,0.101658,11,3
271,20,-110.00,-130.00,0,0.101252,16,11
272,20,28.00,-9.00,0,0.100847,9,1
273,20,41.00,-22.00,0,0.100443,10,1
274,20,0.00,0.00,0,0.100041,9,4
275,20,-120.00,-120.00,0,0.099641,16,13
276,20,-135.00,-105.00,0,0.099243,15,13
277,20,-40.00,-46.00,0,0.098846,11,6
278,20,-125.00,-115.00,0,0.098450,15,13
279,20,0.00,-30.00,0,0.098057,9,3
280,20,15.00,5.00,0,0.097664,9,2
281,20,-5.00,5.00,0,0.097274,10,4
282,20,-30.00,-12.00,0,0.096885,9,2
283,20,1.00,13.00,0,0.096497,10,6
284,20,41.00,39.00,0,0.096111,9,0
285,20,5.00,15.00,0,0.095727,9,2
286,20,-120.00,-120.00,0,0.095344,16,11
287,20,-115.00,-125.00,0,0.094962,17,11
288,1,50.00,4.00,1,0.094582,0,0
289,20,-105.00,-135.00,0,0.094204,17,11
290,20,-50.00,0.00,0,0.093827,10,5
291,20,10.00,10.00,0,0.093452,8,2
292,20,20.00,20.00,0,0.093078,9,0
293,20,-5.00,-45.00,0,0.092706,11,5
294,20,-63.00,-23.00,0,0.092335,10,6
295,20,39.00,41.00,0,0.091966,9,0
296,20,-81.00,-93.00,0,0.091598,12,14
297,20,-120.00,-120.00,0,0.091231,16,11
298,20,-120.00,-120.00,0,0.090867,16,12
299,20,-85.00,-155.00,0,0.090503,17,12
300,20,-130.00,-110.00,0,0.090141,16,12
301,20,-15.00,-5.00,0,0.089781,9,6
302,20,-45.00,15.00,0,0.089421,10,3
303,20,20.00,-30.00,0,0.089064,10,1
304,20,-120.00,-120.00,0,0.088707,16,12
305,20,11.00,3.00,0,0.088353,10,6
306,20,31.00,-12.00,0,0.087999,10,1
307,3,43.00,48.00,1,0.087647,1,1
308,20,-120.00,-120.00,0,0.087297,16,11
309,20,-120.00,-120.00,0,0.086947,16,12
310,3,53.00,-1.00,1,0.086600,1,0
311,20,-110.00,-130.00,0,0.086253,16,11
312,20,10.00,-40.00,0,0.085908,11,3
313,20,20.00,-30.00,0,0.085565,10,1
314,20,0.00,-30.00,0,0.085222,9,3
315,1,50.00,4.00,1,0.084881,0,0
316,20,12.00,-37.00,0,0.084542,11,5
317,20,39.00,41.00,0,0.084204,9,0
318,20,20.00,-60.00,0,0.083867,10,0
319,20,-115.00,-125.00,0,0.083531,17,13
320,20,-125.00,-115.00,0,0.083197,15,12
321,0,0.00,0.00,1,0.082865,0,0
322,20,-115.00,-125.00,0,0.082533,15,13
323,20,-5.00,-45.00,0,0.082203,11,5
324,20,20.00,-30.00,0,0.081874,10,1
325,20,-25.00,15.00,0,0.081547,9,1
326,20,-55.00,-95.00,0,0.081220,11,7
327,20,-7.00,-40.00,0,0.080896,11,7
328,20,41.00,-22.00,0,0.080572,10,1
329,1,4.00,50.00,1,0.080250,0,0
330,20,-135.00,-105.00,0,0.079929,15,13
331,20,-125.00,-115.00,0,0.079609,17,12
332,20,15.00,-75.00,0,0.079291,10,2
333,20,-125.00,-115.00,0,0.078973,17,12
334,20,5.00,-35.00,0,0.078658,10,3
335,20,-25.00,15.00,0,0.078343,9,1
336,20,10.00,-40.00,0,0.078030,11,3
337,1,4.00,50.00,1,0.077717,0,0
338,20,5.00,-30.00,0,0.077407,10,5
339,20,41.00,39.00,0,0.077097,9,0
340,20,41.00,39.00,0,0.076789,9,0
341,20,-120.00,-120.00,0,0.076481,16,11
342,20,-110.00,-130.00,0,0.076175,16,12
343,20,-74.00,-56.00,0,0.075871,11,10
344,20,-120.00,-120.00,0,0.075567,16,11
345,20,-20.00,0.00,0,0.075265,10,6
346,20,20.00,20.00,0,0.074964,9,0
347,20,10.00,10.00,0,0.074664,10,2
348,20,-28.00,-36.00,0,0.074365,10,4
349,20,12.00,-37.00,0,0.074068,11,5
350,20,41.00,39.00,0,0.073772,9,0
351,1,4.00,50.00,1,0.073477,0,0
352,20,-125.00,-115.00,0,0.073183,17,10
353,20,-120.00,-120.00,0,0.072890,16,12
354,20,8.00,-55.00,0,0.072598,12,7
355,20,-125.00,-115.00,0,0.072308,15,13
356,20,10.00,10.00,0,0.072019,10,2
357,20,10.00,10.00,0,0.071731,10,2
358,20,15.00,5.00,0,0.071444,9,2
359,1,4.00,50.00,1,0.071158,0,0
360,20,5.00,-52.00,0,0.070873,11,7
361,20,41.00,39.00,0,0.070590,9,0
362,20,-61.00,-30.00,0,0.070308,12,11
363,20,-100.00,-140.00,0,0.070026,16,13
364,20,-100.00,-140.00,0,0.069746,16,12
365,20,-27.00,-15.00,0,0.069467,10,2
366,20,-115.00,-125.00,0,0.069189,17,11
367,20,-20.00,-50.00,0,0.068913,11,7
368,20,-30.00,20.00,0,0.068637,10,1
369,20,20.00,20.00,0,0.068362,9,0
370,1,50.00,4.00,1,0.068089,0,0
371,20,-7.00,-1.00,0,0.067817,11,8
372,20,41.00,39.00,0,0.067545,9,0
373,20,-5.00,-45.00,0,0.067275,11,5
374,20,-130.00,-110.00,0,0.067006,16,12
375,20,-130.00,-110.00,0,0.066738,16,11
376,20,5.00,-35.00,0,0.066471,10,3
377,20,-120.00,-120.00,0,0.066205,16,12
378,20,-15.00,-35.00,0,0.065940,11,5
379,20,15.00,-25.00,0,0.065677,9,1
380,20,-30.00,20.00,0,0.065414,10,1
381,2,54.00,49.00,1,0.065152,0,0
382,20,22.00,14.00,0,0.064892,10,4
383,20,41.00,39.00,0,0.064632,9,0
384,3,53.00,-1.00,1,0.064374,1,0
385,20,-130.00,-110.00,0,0.064116,16,11
386,20,-130.00,-110.00,0,0.063860,16,12
387,0,0.00,0.00,1,0.063604,0,0
388,20,-130.00,-110.00,0,0.063350,16,13
389,20,5.00,15.00,0,0.063096,9,2
390,20,20.00,20.00,0,0.062844,9,0
391,20,20.00,20.00,0,0.062593,9,0
392,20,-25.00,-35.00,0,0.062342,10,2
393,20,17.00,-3.00,0,0.062093,10,6
394,20,34.00,-15.00,0,0.061844,9,1
395,0,0.00,0.00,1,0.061597,0,0
396,20,-110.00,-130.00,0,0.061351,16,13
397,20,-130.00,-110.00,0,0.061105,16,12
398,20,-20.00,-20.00,0,0.060861,10,0
399,20,-115.00,-125.00,0,0.060617,15,11
400,20,0.00,0.00,0,0.060375,9,4
401,20,10.00,10.00,0,0.060133,10,2
402,20,15.00,-25.00,0,0.059893,9,1
403,0,0.00,0.00,1,0.059653,0,0
404,20,17.00,-20.00,0,0.059415,11,3
405,20,41.00,39.00,0,0.059177,9,0
406,1,50.00,4.00,1,0.058940,0,0
407,20,-120.00,-120.00,0,0.058705,16,11
408,20,-110.00,-130.00,0,0.058470,16,13
409,20,-135.00,-105.00,0,0.058236,17,10
410,20,-120.00,-120.00,0,0.058003,16,12
411,20,5.00,15.00,0,0.057771,9,2
412,20,15.00,-25.00,0,0.057540,9,1
413,20,20.00,20.00,0,0.057310,9,0
414,20,-72.00,-31.00,0,0.057080,11,3
415,20,-34.00,9.00,0,0.056852,10,5
416,20,41.00,39.00,0,0.056625,9,0
417,20,23.00,-26.00,0,0.056398,11,3
418,20,-115.00,-125.00,0,0.056173,15,13
419,20,-125.00,-115.00,0,0.055948,17,11
420,3,53.00,-1.00,1,0.055724,1,0
421,20,-115.00,-125.00,0,0.055501,17,12
422,20,5.00,-35.00,0,0.055279,10,3
423,20,15.00,5.00,0,0.055058,9,2
424,20,5.00,15.00,0,0.054838,9,2
425,20,5.00,-35.00,0,0.054619,10,3
426,20,10.00,4.00,0,0.054400,9,6
427,20,41.00,39.00,0,0.054182,9,0
428,20,-105.00,-135.00,0,0.053966,15,12
429,20,-135.00,-105.00,0,0.053750,17,11
430,20,-110.00,-130.00,0,0.053535,16,13
431,2,54.00,49.00,1,0.053321,0,0
432,20,-120.00,-120.00,0,0.053107,16,12
433,20,20.00,0.00,0,0.052895,10,2
434,20,20.00,20.00,0,0.052683,9,0
435,20,20.00,20.00,0,0.052473,9,0
436,20,-47.00,-22.00,0,0.052263,11,9
437,20,10.00,-35.00,0,0.052054,11,5
438,20,-20.00,39.00,0,0.051846,10,1
439,2,54.00,49.00,1,0.051638,0,0
440,20,-110.00,-130.00,0,0.051432,16,13
441,20,-130.00,-110.00,0,0.051226,16,10
442,2,54.00,49.00,1,0.051021,0,0
443,20,-115.00,-125.00,0,0.050817,17,11
444,20,-45.00,15.00,0,0.050614,10,3
445,20,20.00,20.00,0,0.050411,9,0
446,20,20.00,20.00,0,0.050210,9,0
447,4,52.00,3.00,1,0.050009,1,1
448,20,17.00,19.00,0,0.049809,9,4
449,20,41.00,39.00,0,0.049609,9,0
450,0,0.00,0.00,1,0.049411,0,0
451,20,-110.00,-130.00,0,0.049213,16,12
452,20,-130.00,-110.00,0,0.049016,16,12
453,0,0.00,0.00,1,0.048820,0,0
454,20,-120.00,-120.00,0,0.048625,16,12
455,20,20.00,0.00,0,0.048431,10,2
456,20,0.00,-30.00,0,0.048237,11,3
457,20,20.00,0.00,0,0.048044,10,2
458,20,-35.00,-29.00,0,0.047852,11,4
459,20,10.00,4.00,0,0.047660,11,6
460,20,39.00,41.00,0,0.047470,9,0
461,1,4.00,50.00,1,0.047280,0,0
462,20,-120.00,-120.00,0,0.047091,16,11
463,20,-105.00,-135.00,0,0.046902,17,11
464,0,0.00,0.00,1,0.046715,0,0
465,20,-120.00,-120.00,0,0.046528,16,12
466,20,-5.00,5.00,0,0.046342,10,4
467,20,-25.00,15.00,0,0.046156,9,1
468,20,20.00,20.00,0,0.045972,9,0
469,20,-130.00,-110.00,0,0.045788,16,13
470,20,15.00,-40.00,0,0.045605,10,5
471,20,41.00,39.00,0,0.045422,9,0
472,20,-120.00,-120.00,0,0.045241,16,14
473,20,-130.00,-110.00,0,0.045060,16,12
474,20,-120.00,-120.00,0,0.044879,16,12
475,20,-120.00,-120.00,0,0.044700,16,12
476,20,-125.00,-115.00,0,0.044521,15,12
477,20,20.00,20.00,0,0.044343,9,0
478,20,5.00,15.00,0,0.044166,9,2
479,20,20.00,20.00,0,0.043989,9,0
480,20,-120.00,-120.00,0,0.043813,16,12
481,20,10.00,26.00,0,0.043638,10,4
482,20,41.00,39.00,0,0.043463,9,0
483,20,-120.00,-120.00,0,0.043289,16,12
484,20,-130.00,-110.00,0,0.043116,16,12
485,20,-130.00,-110.00,0,0.042944,16,11
486,20,-20.00,-20.00,0,0.042772,10,0
487,20,-130.00,-110.00,0,0.042601,16,13
488,20,10.00,10.00,0,0.042431,8,2
489,20,20.00,20.00,0,0.042261,9,0
490,20,-5.00,-25.00,0,0.042092,10,3
491,20,-50.00,-50.00,0,0.041923,11,6
492,20,15.00,-40.00,0,0.041756,10,5
493,20,29.00,-10.00,0,0.041589,10,1
494,0,0.00,0.00,1,0.041422,0,0
495,20,-120.00,-120.00,0,0.041257,16,12
496,20,-110.00,-130.00,0,0.041092,16,11
497,20,-20.00,-61.00,0,0.040927,11,1
498,20,-125.00,-115.00,0,0.040764,17,10
499,20,20.00,20.00,0,0.040600,9,0
500,20,5.00,15.00,0,0.040438,9,2
501,20,-25.00,15.00,0,0.040276,9,1
502,20,-23.00,20.00,0,0.040115,10,3
503,20,-34.00,-30.00,0,0.039955,12,4
504,20,-15.00,34.00,0,0.039795,9,1
505,20,20.00,20.00,0,0.039636,9,0
506,20,-120.00,-120.00,0,0.039477,16,12
507,20,-110.00,-130.00,0,0.039319,16,14
508,2,54.00,49.00,1,0.039162,0,0
509,20,-105.00,-135.00,0,0.039005,15,13
510,20,10.00,10.00,0,0.038849,10,2
511,20,-20.00,10.00,0,0.038694,10,1
512,20,20.00,20.00,0,0.038539,9,0
513,1,4.00,50.00,1,0.038385,0,0
514,20,3.00,11.00,0,0.038231,10,6
515,20,41.00,39.00,0,0.038079,9,0
516,20,-8.00,-12.00,0,0.037926,10,0
517,20,-120.00,-120.00,0,0.037775,16,12
518,20,-120.00,-120.00,0,0.037623,16,11
519,20,-115.00,-125.00,0,0.037473,15,12
520,20,-105.00,-135.00,0,0.037323,17,12
521,20,-30.00,0.00,0,0.037174,11,3
522,20,20.00,20.00,0,0.037025,9,0
523,20,20.00,-30.00,0,0.036877,10,1
524,20,-29.00,-74.00,0,0.036729,11,3
525,20,-61.00,-47.00,0,0.036583,11,8
526,20,-10.00,29.00,0,0.036436,10,1
527,20,-30.00,-30.00,0,0.036290,9,2
528,20,-125.00,-115.00,0,0.036145,15,13
529,20,-120.00,-120.00,0,0.036001,16,12
530,20,-23.00,20.00,0,0.035857,10,3
531,20,-135.00,-105.00,0,0.035713,15,11
532,20,-30.00,0.00,0,0.035570,11,3
533,20,10.00,10.00,0,0.035428,10,2
534,20,-20.00,10.00,0,0.035286,10,1
535,20,-115.00,-125.00,0,0.035145,17,12
536,20,20.00,-23.00,0,0.035005,10,3
537,20,41.00,39.00,0,0.034865,9,0
538,0,0.00,0.00,1,0.034725,0,0
539,20,-110.00,-130.00,0,0.034586,18,11
540,20,-130.00,-110.00,0,0.034448,16,13
541,20,-120.00,-120.00,0,0.034310,16,12
542,20,-130.00,-110.00,0,0.034173,16,12
543,20,-25.00,15.00,0,0.034036,9,1
544,20,20.00,20.00,0,0.033900,9,0
545,20,20.00,20.00,0,0.033765,9,0
546,20,-23.00,20.00,0,0.033629,10,3
547,20,13.00,-38.00,0,0.033495,10,5
548,20,39.00,-20.00,0,0.033361,10,1
549,20,-125.00,-115.00,0,0.033228,15,11
550,20,-105.00,-135.00,0,0.033095,17,13
551,20,-120.00,-120.00,0,0.032962,16,11
552,20,-20.00,-20.00,0,0.032830,10,0
553,20,-120.00,-120.00,0,0.032699,16,12
554,20,0.00,20.00,0,0.032568,10,2
555,20,20.00,20.00,0,0.032438,9,0
556,20,5.00,15.00,0,0.032308,9,2
557,20,31.00,-12.00,0,0.032179,10,1
558,20,7.00,7.00,0,0.032050,10,6
559,20,39.00,41.00,0,0.031922,9,0
560,20,-130.00,-110.00,0,0.031794,16,11
561,20,-125.00,-115.00,0,0.031667,15,12
562,20,-120.00,-120.00,0,0.031541,16,12
563,20,-110.00,-130.00,0,0.031414,16,12
564,20,-130.00,-110.00,0,0.031289,16,12
565,20,20.00,20.00,0,0.031164,9,0
566,20,20.00,0.00,0,0.031039,10,2
567,20,-20.00,10.00,0,0.030915,10,1
568,20,-20.00,-20.00,0,0.030791,10,0
569,20,8.00,-33.00,0,0.030668,11,5
570,20,41.00,39.00,0,0.030545,9,0
571,20,-31.00,28.00,0,0.030423,8,3
572,20,-125.00,-115.00,0,0.030301,17,11
573,20,-130.00,-110.00,0,0.030180,16,12
574,20,-120.00,-120.00,0,0.030059,16,12
575,20,-100.00,-140.00,0,0.029939,16,13
576,20,10.00,10.00,0,0.029819,8,2
577,20,-30.00,20.00,0,0.029700,10,1
578,20,20.00,20.00,0,0.029581,9,0
579,20,-125.00,-115.00,0,0.029463,17,11
580,20,15.00,21.00,0,0.029345,11,4
581,20,-15.00,34.00,0,0.029228,9,1
582,20,-74.00,-29.00,0,0.029111,11,3
583,20,-115.00,-125.00,0,0.028994,15,12
584,20,-110.00,-130.00,0,0.028879,16,11
585,20,10.00,-20.00,0,0.028763,10,1
586,20,-120.00,-120.00,0,0.028648,16,12
587,20,-35.00,5.00,0,0.028533,10,3
588,20,20.00,20.00,0,0.028419,9,0
589,20,20.00,20.00,0,0.028306,9,0
590,20,-130.00,-110.00,0,0.028192,16,13
591,20,10.00,-35.00,0,0.028080,11,5
592,20,39.00,41.00,0,0.027967,9,0
593,1,4.00,50.00,1,0.027855,0,0
594,20,-125.00,-115.00,0,0.027744,17,12
595,20,-120.00,-120.00,0,0.027633,16,12
596,20,-69.00,-12.00,0,0.027522,11,1
597,20,-120.00,-120.00,0,0.027412,16,12
598,20,-30.00,-30.00,0,0.027303,11,2
599,20,20.00,20.00,0,0.027193,9,0
600,20,15.00,-25.00,0,0.027085,9,1
601,20,13.00,-16.00,0,0.026976,9,3
602,20,10.00,-35.00,0,0.026868,11,5
603,20,39.00,41.00,0,0.026761,9,0
604,20,-25.00,-65.00,0,0.026654,10,1
605,20,-120.00,-120.00,0,0.026547,16,12
606,20,-120.00,-120.00,0,0.026441,16,12
607,1,4.00,50.00,1,0.026335,0,0
608,20,-120.00,-120.00,0,0.026230,16,12
609,20,20.00,20.00,0,0.026125,9,0
610,20,20.00,20.00,0,0.026021,9,0
611,20,20.00,20.00,0,0.025917,9,0
612,1,50.00,4.00,1,0.025813,0,0
613,20,18.00,18.00,0,0.025710,10,4
614,20,41.00,39.00,0,0.025607,9,0
615,20,41.00,39.00,0,0.025504,9,0
616,20,-130.00,-110.00,0,0.025402,16,12
617,20,-120.00,-120.00,0,0.025301,16,11
618,20,20.00,20.00,0,0.025200,9,0
619,20,-120.00,-120.00,0,0.025099,16,12
620,20,5.00,-35.00,0,0.024998,10,3
621,20,20.00,20.00,0,0.024898,9,0
622,20,20.00,20.00,0,0.024799,9,0
623,1,4.00,50.00,1,0.024700,0,0
624,20,-24.00,-18.00,0,0.024601,9,2
625,20,41.00,39.00,0,0.024502,9,0
626,20,20.00,20.00,0,0.024404,9,0
627,20,-120.00,-120.00,0,0.024307,16,12
628,20,-120.00,-120.00,0,0.024209,16,12
629,20,-60.00,20.00,0,0.024113,10,0
630,20,-120.00,-120.00,0,0.024016,16,12
631,20,-35.00,5.00,0,0.023920,10,3
632,20,15.00,-25.00,0,0.023824,9,1
633,20,20.00,20.00,0,0.023729,9,0
634,20,-61.00,41.00,0,0.023634,10,0
635,20,13.00,23.00,0,0.023540,11,4
636,20,39.00,41.00,0,0.023446,9,0
637,20,-20.00,-20.00,0,0.023352,10,0
638,20,-115.00,-125.00,0,0.023258,15,12
639,20,-125.00,-115.00,0,0.023165,15,13
640,1,4.00,50.00,1,0.023073,0,0
641,20,-120.00,-120.00,0,0.022980,16,12
642,20,15.00,-25.00,0,0.022888,9,1
643,20,20.00,20.00,0,0.022797,9,0
644,20,20.00,20.00,0,0.022706,9,0
645,20,-25.00,22.00,0,0.022615,10,3
646,20,-36.00,-28.00,0,0.022524,10,4
647,20,41.00,39.00,0,0.022434,9,0
648,1,50.00,4.00,1,0.022345,0,0
649,20,-125.00,-115.00,0,0.022255,17,11
650,20,-115.00,-125.00,0,0.022166,17,12
651,20,-110.00,-130.00,0,0.022078,16,12
652,20,-125.00,-115.00,0,0.021989,15,12
653,20,10.00,10.00,0,0.021901,10,2
654,20,-25.00,15.00,0,0.021814,9,1
655,20,-25.00,15.00,0,0.021726,9,1
656,1,50.00,4.00,1,0.021640,0,0
657,20,-43.00,18.00,0,0.021553,11,5
658,20,41.00,39.00,0,0.021467,9,0
659,0,0.00,0.00,1,0.021381,0,0
660,20,-120.00,-120.00,0,0.021295,16,12
661,20,-120.00,-120.00,0,0.021210,16,12
662,20,-120.00,-120.00,0,0.021125,16,11
663,20,-120.00,-120.00,0,0.021041,16,12
664,20,-30.00,20.00,0,0.020957,10,1
665,20,20.00,20.00,0,0.020873,9,0
666,20,-30.00,20.00,0,0.020789,10,1
667,20,15.00,-25.00,0,0.020706,9,1
668,20,20.00,38.00,0,0.020623,9,2
669,20,39.00,41.00,0,0.020541,9,0
670,2,49.00,8.00,1,0.020459,0,1
671,20,-125.00,-115.00,0,0.020377,15,14
672,20,-120.00,-120.00,0,0.020295,16,12
673,20,-120.00,-120.00,0,0.020214,16,12
674,20,-120.00,-120.00,0,0.020133,16,12
675,20,-20.00,10.00,0,0.020053,10,1
676,20,10.00,-20.00,0,0.019973,10,1
677,20,-25.00,15.00,0,0.019893,9,1
678,1,4.00,50.00,1,0.019813,0,0
679,20,20.00,-23.00,0,0.019734,10,3
680,20,41.00,39.00,0,0.019655,9,0
681,20,-20.00,-20.00,0,0.019576,10,0
682,20,-125.00,-115.00,0,0.019498,17,11
683,20,-95.00,-145.00,0,0.019420,17,11
684,20,-38.00,-26.00,0,0.019342,10,4
685,20,-115.00,-125.00,0,0.019265,17,11
686,20,10.00,10.00,0,0.019188,10,2
687,20,20.00,20.00,0,0.019111,9,0
688,20,-20.00,10.00,0,0.019035,10,1
689,20,-120.00,-120.00,0,0.018959,16,12
690,20,21.00,15.00,0,0.018883,11,4
691,20,-15.00,34.00,0,0.018807,9,1
692,20,5.00,-35.00,0,0.018732,10,3
693,20,-120.00,-120.00,0,0.018657,16,13
694,20,-140.00,-100.00,0,0.018582,16,12
695,20,-110.00,-130.00,0,0.018508,16,11
696,20,-120.00,-120.00,0,0.018434,16,12
697,20,20.00,20.00,0,0.018360,9,0
698,20,20.00,20.00,0,0.018287,9,0
699,20,20.00,20.00,0,0.018214,9,0
700,20,-31.00,-11.00,0,0.018141,10,2
701,20,28.00,-9.00,0,0.018068,9,1
702,20,41.00,39.00,0,0.017996,9,0
703,20,-115.00,-125.00,0,0.017924,15,12
704,20,-135.00,-105.00,0,0.017852,15,12
705,20,-135.00,-105.00,0,0.017781,15,11
706,1,50.00,4.00,1,0.017710,0,0
707,20,-120.00,-120.00,0,0.017639,16,12
708,20,-20.00,-20.00,0,0.017568,10,0
709,20,10.00,-20.00,0,0.017498,10,1
710,20,20.00,20.00,0,0.017428,9,0
711,20,-125.00,-115.00,0,0.017358,17,11
712,20,5.00,-30.00,0,0.017289,10,5
713,20,41.00,39.00,0,0.017220,9,0
714,20,13.00,-16.00,0,0.017151,11,3
715,20,-115.00,-125.00,0,0.017082,17,11
716,20,-105.00,-135.00,0,0.017014,17,13
717,1,50.00,4.00,1,0.016946,0,0
718,20,-120.00,-120.00,0,0.016878,16,12
719,20,10.00,10.00,0,0.016811,8,2
720,20,15.00,-25.00,0,0.016743,9,1
721,20,10.00,10.00,0,0.016676,10,2
722,20,-110.00,-130.00,0,0.016610,16,12
723,20,-18.00,37.00,0,0.016543,10,1
724,20,39.00,41.00,0,0.016477,9,0
725,20,-115.00,-125.00,0,0.016411,15,13
726,20,-120.00,-120.00,0,0.016346,16,12
727,20,-130.00,-110.00,0,0.016280,16,12
728,20,-110.00,-130.00,0,0.016215,16,12
729,20,-115.00,-125.00,0,0.016150,15,12
730,20,15.00,-25.00,0,0.016086,9,1
731,20,20.00,20.00,0,0.016021,9,0
732,20,20.00,20.00,0,0.015957,9,0
733,2,49.00,54.00,1,0.015893,0,0
734,20,13.00,-16.00,0,0.015830,9,3
735,20,41.00,39.00,0,0.015766,9,0
736,20,41.00,39.00,0,0.015703,9,0
737,20,-115.00,-125.00,0,0.015641,15,12
738,20,-125.00,-115.00,0,0.015578,17,11
739,20,-10.00,-10.00,0,0.015516,10,0
740,20,-125.00,-115.00,0,0.015454,17,12
741,20,10.00,10.00,0,0.015392,10,2
742,20,20.00,20.00,0,0.015330,9,0
743,20,20.00,20.00,0,0.015269,9,0
744,20,-35.00,5.00,0,0.015208,10,3
745,20,33.00,25.00,0,0.015147,10,2
746,20,41.00,39.00,0,0.015086,9,0
747,20,-27.00,-15.00,0,0.015026,10,2
748,20,-130.00,-110.00,0,0.014966,18,12
749,20,-120.00,-120.00,0,0.014906,16,12
750,1,50.00,4.00,1,0.014847,0,0
751,20,-120.00,-120.00,0,0.014787,16,12
752,20,-40.00,10.00,0,0.014728,11,3
753,20,20.00,20.00,0,0.014669,9,0
754,20,20.00,20.00,0,0.014610,9,0
755,20,-120.00,-120.00,0,0.014552,16,12
756,20,-18.00,-2.00,0,0.014494,10,0
757,20,39.00,41.00,0,0.014436,9,0
758,20,-33.00,-9.00,0,0.014378,10,2
759,20,-115.00,-125.00,0,0.014321,15,11
760,20,-120.00,-120.00,0,0.014263,16,12
761,20,-35.00,-25.00,0,0.014206,10,2
762,20,-130.00,-110.00,0,0.014149,16,12
763,20,20.00,20.00,0,0.014093,9,0
764,20,10.00,-20.00,0,0.014036,10,1
765,20,-25.00,15.00,0,0.013980,9,1
766,20,20.00,-30.00,0,0.013924,10,1
767,20,20.00,-23.00,0,0.013869,10,3
768,20,41.00,39.00,0,0.013813,9,0
769,20,-60.00,20.00,0,0.013758,10,0
770,20,-120.00,-120.00,0,0.013703,16,12
771,20,-120.00,-120.00,0,0.013648,16,12
772,20,-20.00,-20.00,0,0.013593,10,0
773,20,-110.00,-130.00,0,0.013539,16,12
774,20,20.00,20.00,0,0.013485,9,0
775,20,20.00,20.00,0,0.013431,9,0
776,20,20.00,20.00,0,0.013377,9,0
777,0,0.00,0.00,1,0.013324,0,0
778,20,31.00,-12.00,0,0.013270,10,1
779,20,41.00,39.00,0,0.013217,9,0
780,20,-125.00,-115.00,0,0.013165,17,12
781,20,-110.00,-130.00,0,0.013112,16,13
782,20,-115.00,-125.00,0,0.013059,15,11
783,20,-10.00,29.00,0,0.013007,10,1
784,20,-120.00,-120.00,0,0.012955,16,12
785,20,20.00,20.00,0,0.012903,9,0
786,20,20.00,20.00,0,0.012852,9,0
787,20,20.00,20.00,0,0.012800,9,0
788,20,-25.00,-35.00,0,0.012749,10,2
789,20,13.00,-16.00,0,0.012698,9,3
790,20,41.00,39.00,0,0.012647,9,0
791,20,26.00,-29.00,0,0.012597,10,3
792,20,-140.00,-100.00,0,0.012546,16,12
793,20,-120.00,-120.00,0,0.012496,16,12
794,20,-110.00,-130.00,0,0.012446,16,11
795,20,-120.00,-120.00,0,0.012396,16,12
796,20,20.00,20.00,0,0.012347,9,0
797,20,20.00,20.00,0,0.012297,9,0
798,20,10.00,10.00,0,0.012248,10,2
799,0,0.00,0.00,1,0.012199,0,0
800,20,21.00,37.00,0,0.012150,10,2
801,20,39.00,41.00,0,0.012102,9,0
802,0,0.00,0.00,1,0.012053,0,0
803,20,-120.00,-120.00,0,0.012005,16,12
804,20,-120.00,-120.00,0,0.011957,16,12
805,20,-60.00,20.00,0,0.011909,10,0
806,20,-120.00,-120.00,0,0.011862,16,12
807,20,20.00,20.00,0,0.011814,9,0
808,20,-30.00,20.00,0,0.011767,10,1
809,20,20.00,20.00,0,0.011720,9,0
810,20,-8.00,-12.00,0,0.011673,10,0
811,20,33.00,-14.00,0,0.011626,10,1
812,20,41.00,39.00,0,0.011580,9,0
813,20,-125.00,-115.00,0,0.011534,17,11
814,20,-120.00,-120.00,0,0.011487,16,12
815,20,-120.00,-120.00,0,0.011441,16,12
816,20,31.00,-12.00,0,0.011396,10,1
817,20,-120.00,-120.00,0,0.011350,16,12
818,20,10.00,10.00,0,0.011305,10,2
819,20,20.00,20.00,0,0.011260,9,0
820,20,20.00,20.00,0,0.011214,9,0
821,1,4.00,50.00,1,0.011170,0,0
822,20,31.00,49.00,0,0.011125,9,0
823,20,41.00,39.00,0,0.011080,9,0
824,20,5.00,-35.00,0,0.011036,10,3
825,20,-120.00,-120.00,0,0.010992,16,12
826,20,-115.00,-125.00,0,0.010948,17,12
827,20,-72.00,-9.00,0,0.010904,10,1
828,20,-120.00,-120.00,0,0.010861,16,12
829,20,-25.00,15.00,0,0.010817,9,1
830,20,20.00,20.00,0,0.010774,9,0
831,20,20.00,20.00,0,0.010731,9,0
832,20,-125.00,-115.00,0,0.010688,15,12
833,20,21.00,-2.00,0,0.010645,10,1
834,20,34.00,-15.00,0,0.010603,9,1
835,20,-20.00,39.00,0,0.010560,10,1
836,20,-115.00,-125.00,0,0.010518,15,13
837,20,-120.00,-120.00,0,0.010476,16,12
838,20,20.00,-60.00,0,0.010434,10,0
839,20,-115.00,-125.00,0,0.010392,17,12
840,20,-25.00,15.00,0,0.010351,9,1
841,20,20.00,0.00,0,0.010309,10,2
842,20,20.00,20.00,0,0.010268,9,0
843,20,20.00,20.00,0,0.010227,9,0
844,20,23.00,35.00,0,0.010186,8,2
845,20,41.00,39.00,0,0.010145,9,0
846,20,20.00,20.00,0,0.010105,9,0
847,20,-120.00,-120.00,0,0.010064,16,12
848,20,-125.00,-115.00,0,0.010024,15,12
849,20,-120.00,-120.00,0,0.010000,16,12
850,20,-120.00,-120.00,0,0.010000,16,12
851,20,20.00,20.00,0,0.010000,9,0
852,20,20.00,20.00,0,0.010000,9,0
853,20,20.00,20.00,0,0.010000,9,0
854,0,0.00,0.00,1,0.010000,0,0
855,20,11.00,47.00,0,0.010000,10,2
856,20,41.00,39.00,0,0.010000,9,0
857,2,54.00,49.00,1,0.010000,0,0
858,20,-120.00,-120.00,0,0.010000,16,12
859,20,-115.00,-125.00,0,0.010000,17,12
860,20,20.00,-60.00,0,0.010000,10,0
861,20,-120.00,-120.00,0,0.010000,16,12
862,20,10.00,-20.00,0,0.010000,10,1
863,20,20.00,20.00,0,0.010000,9,0
864,20,15.00,-25.00,0,0.010000,9,1
865,20,24.00,-27.00,0,0.010000,10,3
866,20,31.00,-12.00,0,0.010000,10,1
867,20,39.00,-20.00,0,0.010000,10,1
868,20,20.00,20.00,0,0.010000,9,0
869,20,-120.00,-120.00,0,0.010000,16,12
870,20,-125.00,-115.00,0,0.010000,15,12
871,0,0.00,0.00,1,0.010000,0,0
872,20,-120.00,-120.00,0,0.010000,16,12
873,20,10.00,10.00,0,0.010000,10,2
874,20,20.00,20.00,0,0.010000,9,0
875,20,20.00,20.00,0,0.010000,9,0
876,20,-120.00,-120.00,0,0.010000,16,12
877,20,31.00,49.00,0,0.010000,9,0
878,20,41.00,39.00,0,0.010000,9,0
879,0,0.00,0.00,1,0.010000,0,0
880,20,-125.00,-115.00,0,0.010000,17,11
881,20,-125.00,-115.00,0,0.010000,15,13
882,20,41.00,39.00,0,0.010000,9,0
883,20,-120.00,-120.00,0,0.010000,16,12
884,20,20.00,20.00,0,0.010000,9,0
885,20,20.00,20.00,0,0.010000,9,0
886,20,20.00,20.00,0,0.010000,9,0
887,20,28.00,-9.00,0,0.010000,9,1
888,20,31.00,49.00,0,0.010000,9,0
889,20,41.00,39.00,0,0.010000,9,0
890,20,-115.00,-125.00,0,0.010000,17,10
891,20,-130.00,-110.00,0,0.010000,16,12
892,20,-120.00,-120.00,0,0.010000,16,14
893,20,-20.00,-20.00,0,0.010000,10,0
894,20,-120.00,-120.00,0,0.010000,16,12
895,20,20.00,20.00,0,0.010000,9,0
896,20,20.00,20.00,0,0.010000,9,0
897,20,20.00,20.00,0,0.010000,9,0
898,1,4.00,50.00,1,0.010000,0,0
899,20,33.00,47.00,0,0.010000,9,0
900,20,39.00,41.00,0,0.010000,9,0
901,20,-125.00,-115.00,0,0.010000,17,10
902,20,-110.00,-130.00,0,0.010000,16,12
903,20,-115.00,-125.00,0,0.010000,15,13
904,20,-20.00,-20.00,0,0.010000,10,0
905,20,-120.00,-120.00,0,0.010000,16,12
906,20,20.00,20.00,0,0.010000,9,0
907,20,20.00,20.00,0,0.010000,9,0
908,20,20.00,20.00,0,0.010000,9,0
909,0,0.00,0.00,1,0.010000,0,0
910,20,31.00,49.00,0,0.010000,9,0
911,20,41.00,39.00,0,0.010000,9,0
912,20,-110.00,-130.00,0,0.010000,16,12
913,20,-130.00,-110.00,0,0.010000,16,11
914,20,-125.00,-115.00,0,0.010000,17,10
915,20,-60.00,20.00,0,0.010000,10,0
916,20,-120.00,-120.00,0,0.010000,16,12
917,20,15.00,-25.00,0,0.010000,9,1
918,20,20.00,20.00,0,0.010000,9,0
919,20,20.00,20.00,0,0.010000,9,0
920,20,-110.00,-130.00,0,0.010000,16,13
921,20,21.00,37.00,0,0.010000,10,2
922,20,41.00,39.00,0,0.010000,9,0
923,1,50.00,4.00,1,0.010000,0,0
924,20,-120.00,-120.00,0,0.010000,16,12
925,20,-130.00,-110.00,0,0.010000,16,11
926,2,54.00,49.00,1,0.010000,0,0
927,20,-120.00,-120.00,0,0.010000,16,12
928,20,20.00,20.00,0,0.010000,9,0
929,20,20.00,20.00,0,0.010000,9,0
930,20,20.00,20.00,0,0.010000,9,0
931,20,-120.00,-120.00,0,0.010000,16,11
932,20,33.00,47.00,0,0.010000,9,0
933,20,41.00,39.00,0,0.010000,9,0
934,1,50.00,4.00,1,0.010000,0,0
935,20,-120.00,-120.00,0,0.010000,16,12
936,20,-120.00,-120.00,0,0.010000,16,12
937,20,-25.00,15.00,0,0.010000,9,1
938,20,-120.00,-120.00,0,0.010000,16,12
939,20,-20.00,10.00,0,0.010000,10,1
940,20,20.00,20.00,0,0.010000,9,0
941,20,-20.00,10.00,0,0.010000,10,1
942,20,-120.00,-120.00,0,0.010000,16,12
943,20,31.00,49.00,0,0.010000,9,0
944,20,39.00,41.00,0,0.010000,9,0
945,20,-35.00,5.00,0,0.010000,10,3
946,20,-120.00,-120.00,0,0.010000,16,12
947,20,-120.00,-120.00,0,0.010000,16,13
948,20,-17.00,-25.00,0,0.010000,10,2
949,20,-120.00,-120.00,0,0.010000,16,12
950,20,20.00,20.00,0,0.010000,9,0
951,20,20.00,20.00,0,0.010000,9,0
952,20,20.00,20.00,0,0.010000,9,0
953,20,-125.00,-115.00,0,0.010000,17,11
954,20,31.00,49.00,0,0.010000,9,0
955,20,41.00,39.00,0,0.010000,9,0
956,2,54.00,49.00,1,0.010000,0,0
957,20,-120.00,-120.00,0,0.010000,16,12
958,20,-120.00,-120.00,0,0.010000,16,12
959,20,-120.00,-120.00,0,0.010000,16,12
960,20,-120.00,-120.00,0,0.010000,16,11
961,20,-30.00,20.00,0,0.010000,10,1
962,20,20.00,20.00,0,0.010000,9,0
963,20,20.00,20.00,0,0.010000,9,0
964,20,-25.00,-65.00,0,0.010000,10,1
965,20,31.00,49.00,0,0.010000,9,0
966,20,41.00,39.00,0,0.010000,9,0
967,20,-115.00,-125.00,0,0.010000,15,13
968,20,-130.00,-110.00,0,0.010000,16,12
969,20,-110.00,-130.00,0,0.010000,16,11
970,20,-10.00,-10.00,0,0.010000,10,0
971,20,-130.00,-110.00,0,0.010000,16,13
972,20,20.00,20.00,0,0.010000,9,0
973,20,20.00,20.00,0,0.010000,9,0
974,20,20.00,20.00,0,0.010000,9,0
975,1,4.00,50.00,1,0.010000,0,0
976,20,31.00,49.00,0,0.010000,9,0
977,20,39.00,41.00,0,0.010000,9,0
978,20,-105.00,-135.00,0,0.010000,15,13
979,20,-105.00,-135.00,0,0.010000,17,11
980,20,-125.00,-115.00,0,0.010000,15,13
981,20,-20.00,-61.00,0,0.010000,11,1
982,20,-140.00,-100.00,0,0.010000,16,12
983,20,20.00,20.00,0,0.010000,9,0
984,20,20.00,20.00,0,0.010000,9,0
985,20,20.00,20.00,0,0.010000,9,0
986,20,-15.00,34.00,0,0.010000,9,1
987,20,26.00,-7.00,0,0.010000,9,1
988,20,21.00,37.00,0,0.010000,10,2
989,20,-120.00,-120.00,0,0.010000,16,11
990,20,-130.00,-110.00,0,0.010000,16,12
991,20,-120.00,-120.00,0,0.010000,16,13
992,20,-20.00,-20.00,0,0.010000,10,0
993,20,-120.00,-120.00,0,0.010000,18,10
994,20,20.00,20.00,0,0.010000,9,0
995,20,20.00,20.00,0,0.010000,9,0
996,20,10.00,10.00,0,0.010000,8,2
997,1,4.00,50.00,1,0.010000,0,0
998,20,31.00,49.00,0,0.010000,9,0
999,20,39.00,-20.00,0,0.010000,10,1
1000,20,-120.00,-120.00,0,0.010000,16,13
1001,20,-120.00,-120.00,0,0.010000,16,12
1002,20,-120.00,-120.00,0,0.010000,16,12
1003,20,-20.00,0.00,0,0.010000,10,0
1004,20,-120.00,-120.00,0,0.010000,16,11
1005,20,20.00,20.00,0,0.010000,9,0
1006,20,20.00,20.00,0,0.010000,9,0
1007,20,20.00,20.00,0,0.010000,9,0
1008,20,41.00,-61.00,0,0.010000,10,0
1009,20,31.00,49.00,0,0.010000,9,0
1010,20,41.00,39.00,0,0.010000,9,0
1011,20,-110.00,-130.00,0,0.010000,16,12
1012,20,-125.00,-115.00,0,0.010000,15,13
1013,20,-120.00,-120.00,0,0.010000,16,12
1014,1,50.00,4.00,1,0.010000,0,0
1015,20,-120.00,-120.00,0,0.010000,16,12
1016,20,10.00,-20.00,0,0.010000,10,1
1017,20,20.00,20.00,0,0.010000,9,0
1018,20,20.00,20.00,0,0.010000,9,0
1019,20,15.00,-25.00,0,0.010000,9,1
1020,20,31.00,49.00,0,0.010000,9,0
1021,20,39.00,41.00,0,0.010000,9,0
1022,2,49.00,54.00,1,0.010000,0,0
1023,20,-125.00,-115.00,0,0.010000,17,11
1024,20,-110.00,-130.00,0,0.010000,16,11
1025,20,24.00,34.00,0,0.010000,9,2
1026,20,-115.00,-125.00,0,0.010000,15,12
1027,20,20.00,20.00,0,0.010000,9,0
1028,20,20.00,20.00,0,0.010000,9,0
1029,20,20.00,20.00,0,0.010000,9,0
1030,20,-120.00,-120.00,0,0.010000,16,11
1031,20,31.00,49.00,0,0.010000,9,0
1032,20,41.00,39.00,0,0.010000,9,0
1033,20,-110.00,-130.00,0,0.010000,16,12
1034,20,-120.00,-120.00,0,0.010000,16,12
1035,20,-120.00,-120.00,0,0.010000,16,12
1036,20,-22.00,-20.00,0,0.010000,11,2
1037,20,-120.00,-120.00,0,0.010000,16,12
1038,20,20.00,-30.00,0,0.010000,10,1
1039,20,20.00,20.00,0,0.010000,9,0
1040,20,20.00,20.00,0,0.010000,9,0
1041,20,-60.00,-30.00,0,0.010000,11,1
1042,20,21.00,-2.00,0,0.010000,10,1
1043,20,-15.00,34.00,0,0.010000,9,1
1044,20,-20.00,-20.00,0,0.010000,10,0
1045,20,-120.00,-120.00,0,0.010000,16,12
1046,20,-135.00,-105.00,0,0.010000,17,11
1047,20,-20.00,-20.00,0,0.010000,10,0
1048,20,-100.00,-140.00,0,0.010000,16,13
1049,20,20.00,20.00,0,0.010000,9,0
1050,20,10.00,-20.00,0,0.010000,10,1
1051,20,-20.00,10.00,0,0.010000,10,1
1052,20,-20.00,0.00,0,0.010000,10,0
1053,20,31.00,49.00,0,0.010000,9,0
1054,20,39.00,41.00,0,0.010000,9,0
1055,20,-30.00,-30.00,0,0.010000,11,2
1056,20,-120.00,-120.00,0,0.010000,16,13
1057,20,-100.00,-140.00,0,0.010000,16,12
1058,20,-12.00,31.00,0,0.010000,10,1
1059,20,-120.00,-120.00,0,0.010000,16,12
1060,20,20.00,20.00,0,0.010000,9,0
1061,20,20.00,20.00,0,0.010000,9,0
1062,20,20.00,20.00,0,0.010000,9,0
1063,20,-59.00,-61.00,0,0.010000,11,0
1064,20,31.00,49.00,0,0.010000,9,0
1065,20,24.00,34.00,0,0.010000,9,2
1066,20,31.00,-12.00,0,0.010000,10,1
1067,20,-125.00,-115.00,0,0.010000,15,13
1068,20,-130.00,-110.00,0,0.010000,16,12
1069,0,0.00,0.00,1,0.010000,0,0
1070,20,-125.00,-115.00,0,0.010000,17,11
1071,20,20.00,20.00,0,0.010000,9,0
1072,20,20.00,20.00,0,0.010000,9,0
1073,20,20.00,-30.00,0,0.010000,10,1
1074,1,4.00,50.00,1,0.010000,0,0
1075,20,31.00,-12.00,0,0.010000,10,1
1076,20,41.00,39.00,0,0.010000,9,0
1077,1,4.00,50.00,1,0.010000,0,0
1078,20,-115.00,-125.00,0,0.010000,17,11
1079,20,-120.00,-120.00,0,0.010000,16,11
1080,2,49.00,54.00,1,0.010000,0,0
1081,20,-130.00,-110.00,0,0.010000,16,12
1082,20,20.00,20.00,0,0.010000,9,0
1083,20,20.00,20.00,0,0.010000,9,0
1084,20,-20.00,10.00,0,0.010000,10,1
1085,20,20.00,20.00,0,0.010000,9,0
1086,20,31.00,49.00,0,0.010000,9,0
1087,20,29.00,-10.00,0,0.010000,10,1
1088,1,4.00,50.00,1,0.010000,0,0
1089,20,-115.00,-125.00,0,0.010000,17,11
1090,20,-120.00,-120.00,0,0.010000,16,12
1091,20,-20.00,-20.00,0,0.010000,10,0
1092,20,-115.00,-125.00,0,0.010000,15,13
1093,20,20.00,20.00,0,0.010000,9,0
1094,20,10.00,-20.00,0,0.010000,10,1
1095,20,20.00,20.00,0,0.010000,9,0
1096,20,-20.00,-20.00,0,0.010000,10,0
1097,20,31.00,49.00,0,0.010000,9,0
1098,20,41.00,39.00,0,0.010000,9,0
1099,1,4.00,50.00,1,0.010000,0,0
1100,20,-120.00,-120.00,0,0.010000,16,13
1101,20,-120.00,-120.00,0,0.010000,16,12
1102,1,4.00,50.00,1,0.010000,0,0
1103,20,-120.00,-120.00,0,0.010000,16,11
1104,20,20.00,20.00,0,0.010000,9,0
1105,20,20.00,20.00,0,0.010000,9,0
1106,20,20.00,20.00,0,0.010000,9,0
1107,20,-20.00,0.00,0,0.010000,10,0
1108,20,31.00,49.00,0,0.010000,9,0
1109,20,41.00,39.00,0,0.010000,9,0
1110,20,-135.00,-105.00,0,0.010000,15,14
1111,20,-125.00,-115.00,0,0.010000,15,11
1112,20,-110.00,-130.00,0,0.010000,16,11
1113,20,20.00,20.00,0,0.010000,9,0
1114,20,-120.00,-120.00,0,0.010000,16,12
1115,20,20.00,20.00,0,0.010000,9,0
1116,20,-30.00,20.00,0,0.010000,10,1
1117,20,20.00,20.00,0,0.010000,9,0
1118,20,-35.00,-25.00,0,0.010000,10,2
1119,20,31.00,49.00,0,0.010000,9,0
1120,20,39.00,41.00,0,0.010000,9,0
1121,20,-130.00,-110.00,0,0.010000,16,13
1122,20,-120.00,-120.00,0,0.010000,16,12
1123,20,-120.00,-120.00,0,0.010000,16,11
1124,20,31.00,-51.00,0,0.010000,10,0
1125,20,-110.00,-130.00,0,0.010000,16,11
1126,20,20.00,20.00,0,0.010000,9,0
1127,20,20.00,20.00,0,0.010000,9,0
1128,20,20.00,20.00,0,0.010000,9,0
1129,2,49.00,54.00,1,0.010000,0,0
1130,20,31.00,49.00,0,0.010000,9,0
1131,20,41.00,39.00,0,0.010000,9,0
1132,20,-10.00,-10.00,0,0.010000,10,0
1133,20,-120.00,-120.00,0,0.010000,16,12
1134,20,-125.00,-115.00,0,0.010000,17,12
1135,20,-25.00,44.00,0,0.010000,9,1
1136,20,-120.00,-120.00,0,0.010000,16,12
1137,20,20.00,20.00,0,0.010000,9,0
1138,20,-25.00,15.00,0,0.010000,9,1
1139,20,20.00,20.00,0,0.010000,9,0
1140,20,-125.00,-115.00,0,0.010000,15,13
1141,20,31.00,49.00,0,0.010000,9,0
1142,20,41.00,39.00,0,0.010000,9,0
1143,20,-10.00,-10.00,0,0.010000,10,0
1144,20,-120.00,-120.00,0,0.010000,16,12
1145,20,-120.00,-120.00,0,0.010000,16,12
1146,20,-60.00,20.00,0,0.010000,10,0
1147,20,-125.00,-115.00,0,0.010000,15,13
1148,20,15.00,-25.00,0,0.010000,9,1
1149,20,20.00,20.00,0,0.010000,9,0
1150,20,20.00,20.00,0,0.010000,9,0
1151,1,4.00,50.00,1,0.010000,0,0
1152,20,31.00,49.00,0,0.010000,9,0
1153,20,39.00,41.00,0,0.010000,9,0
1154,20,20.00,20.00,0,0.010000,9,0
1155,20,-120.00,-120.00,0,0.010000,16,12
1156,20,-120.00,-120.00,0,0.010000,16,12
1157,20,-130.00,-110.00,0,0.010000,16,11
1158,20,-115.00,-125.00,0,0.010000,17,11
1159,20,20.00,20.00,0,0.010000,9,0
1160,20,10.00,-20.00,0,0.010000,10,1
1161,20,20.00,20.00,0,0.010000,9,0
1162,20,20.00,-30.00,0,0.010000,10,1
1163,20,31.00,49.00,0,0.010000,9,0
1164,20,41.00,39.00,0,0.010000,9,0
1165,20,-20.00,0.00,0,0.010000,10,0
1166,20,-110.00,-130.00,0,0.010000,16,12
1167,20,-120.00,-120.00,0,0.010000,16,12
1168,20,-20.00,-20.00,0,0.010000,10,0
1169,20,-115.00,-125.00,0,0.010000,17,12
1170,20,20.00,20.00,0,0.010000,9,0
1171,20,20.00,20.00,0,0.010000,9,0
1172,20,20.00,20.00,0,0.010000,9,0
1173,2,49.00,54.00,1,0.010000,0,0
1174,20,31.00,49.00,0,0.010000,9,0
1175,20,41.00,39.00,0,0.010000,9,0
1176,20,-10.00,-10.00,0,0.010000,10,0
1177,20,-125.00,-115.00,0,0.010000,17,12
1178,20,-120.00,-120.00,0,0.010000,16,12
1179,1,50.00,4.00,1,0.010000,0,0
1180,20,-130.00,-110.00,0,0.010000,16,12
1181,20,20.00,20.00,0,0.010000,9,0
1182,20,20.00,20.00,0,0.010000,9,0
1183,20,20.00,20.00,0,0.010000,9,0
1184,20,-120.00,-120.00,0,0.010000,16,12
1185,20,21.00,-2.00,0,0.010000,10,1
1186,20,41.00,39.00,0,0.010000,9,0
1187,20,20.00,20.00,0,0.010000,9,0
1188,20,-120.00,-120.00,0,0.010000,16,12
1189,20,-120.00,-120.00,0,0.010000,16,12
1190,20,20.00,20.00,0,0.010000,9,0
1191,20,-100.00,-140.00,0,0.010000,16,12
1192,20,20.00,20.00,0,0.010000,9,0
1193,20,20.00,20.00,0,0.010000,9,0
1194,20,20.00,20.00,0,0.010000,9,0
1195,2,54.00,49.00,1,0.010000,0,0
1196,20,31.00,49.00,0,0.010000,9,0
1197,20,39.00,41.00,0,0.010000,9,0
1198,20,-145.00,-95.00,0,0.010000,15,13
1199,20,-120.00,-120.00,0,0.010000,16,12
1200,20,-120.00,-120.00,0,0.010000,16,12
1201,1,50.00,4.00,1,0.010000,0,0
1202,20,-105.00,-135.00,0,0.010000,17,11
1203,20,20.00,20.00,0,0.010000,9,0
1204,20,20.00,20.00,0,0.010000,9,0
1205,20,20.00,20.00,0,0.010000,9,0
1206,1,4.00,50.00,1,0.010000,0,0
1207,20,31.00,49.00,0,0.010000,9,0
1208,20,41.00,39.00,0,0.010000,9,0
1209,20,-20.00,-20.00,0,0.010000,10,0
1210,20,-120.00,-120.00,0,0.010000,16,12
1211,20,-120.00,-120.00,0,0.010000,16,12
1212,20,31.00,49.00,0,0.010000,9,0
1213,20,-110.00,-130.00,0,0.010000,16,11
1214,20,15.00,-25.00,0,0.010000,9,1
1215,20,20.00,20.00,0,0.010000,9,0
1216,20,20.00,20.00,0,0.010000,9,0
1217,1,4.00,50.00,1,0.010000,0,0
1218,20,31.00,49.00,0,0.010000,9,0
1219,20,41.00,39.00,0,0.010000,9,0
1220,20,20.00,20.00,0,0.010000,9,0
1221,20,-120.00,-120.00,0,0.010000,16,12
1222,20,-120.00,-120.00,0,0.010000,16,12
1223,20,-125.00,-115.00,0,0.010000,17,12
1224,20,-130.00,-110.00,0,0.010000,16,12
1225,20,20.00,20.00,0,0.010000,9,0
1226,20,20.00,20.00,0,0.010000,9,0
1227,20,15.00,-25.00,0,0.010000,9,1
1228,20,-120.00,-120.00,0,0.010000,16,11
1229,20,31.00,49.00,0,0.010000,9,0
1230,20,39.00,41.00,0,0.010000,9,0
1231,20,-25.00,-17.00,0,0.010000,10,2
1232,20,-130.00,-110.00,0,0.010000,16,12
1233,20,-115.00,-125.00,0,0.010000,15,12
1234,20,20.00,20.00,0,0.010000,9,0
1235,20,-135.00,-105.00,0,0.010000,15,12
1236,20,20.00,20.00,0,0.010000,9,0
1237,20,20.00,20.00,0,0.010000,9,0
1238,20,20.00,20.00,0,0.010000,9,0
1239,20,-8.00,-12.00,0,0.010000,10,0
1240,20,31.00,49.00,0,0.010000,9,0
1241,20,39.00,41.00,0,0.010000,9,0
1242,20,-10.00,-10.00,0,0.010000,10,0
1243,20,-110.00,-130.00,0,0.010000,16,12
1244,20,-120.00,-120.00,0,0.010000,16,12
1245,20,5.00,-35.00,0,0.010000,10,3
1246,20,-105.00,-135.00,0,0.010000,17,11
1247,20,-25.00,15.00,0,0.010000,9,1
1248,20,20.00,20.00,0,0.010000,9,0
1249,20,20.00,20.00,0,0.010000,9,0
1250,20,-125.00,-115.00,0,0.010000,17,12
1251,20,26.00,-7.00,0,0.010000,9,1
1252,20,-15.00,34.00,0,0.010000,9,1
1253,20,-125.00,-115.00,0,0.010000,17,12
1254,20,-135.00,-105.00,0,0.010000,15,13
1255,20,-115.00,-125.00,0,0.010000,15,12
1256,3,53.00,-1.00,1,0.010000,1,0
1257,20,-125.00,-115.00,0,0.010000,17,12
1258,20,20.00,20.00,0,0.010000,9,0
1259,20,20.00,20.00,0,0.010000,9,0
1260,20,20.00,20.00,0,0.010000,9,0
1261,20,-120.00,-120.00,0,0.010000,16,12
1262,20,31.00,49.00,0,0.010000,9,0
1263,20,-20.00,39.00,0,0.010000,10,1
1264,20,-25.00,-65.00,0,0.010000,10,1
1265,20,-125.00,-115.00,0,0.010000,17,11
1266,20,-120.00,-120.00,0,0.010000,16,12
1267,20,-20.00,-20.00,0,0.010000,10,0
1268,20,-125.00,-115.00,0,0.010000,15,12
1269,20,20.00,20.00,0,0.010000,9,0
1270,20,20.00,20.00,0,0.010000,9,0
1271,20,20.00,20.00,0,0.010000,9,0
1272,1,50.00,4.00,1,0.010000,0,0
1273,20,21.00,-2.00,0,0.010000,10,1
1274,20,41.00,39.00,0,0.010000,9,0
1275,1,50.00,4.00,1,0.010000,0,0
1276,20,-90.00,-150.00,0,0.010000,16,12
1277,20,-120.00,-120.00,0,0.010000,16,12
1278,0,0.00,0.00,1,0.010000,0,0
1279,20,-120.00,-120.00,0,0.010000,16,12
1280,20,20.00,20.00,0,0.010000,9,0
1281,20,20.00,20.00,0,0.010000,9,0
1282,20,20.00,20.00,0,0.010000,9,0
1283,20,-20.00,-20.00,0,0.010000,10,0
1284,20,31.00,49.00,0,0.010000,9,0
1285,20,41.00,39.00,0,0.010000,9,0
1286,2,49.00,54.00,1,0.010000,0,0
1287,20,-135.00,-105.00,0,0.010000,17,11
1288,20,-120.00,-120.00,0,0.010000,16,12
1289,20,-125.00,-115.00,0,0.010000,15,13
1290,20,-120.00,-120.00,0,0.010000,16,12
1291,20,20.00,20.00,0,0.010000,9,0
1292,20,20.00,20.00,0,0.010000,9,0
1293,20,20.00,20.00,0,0.010000,9,0
1294,20,-120.00,-120.00,0,0.010000,16,12
1295,20,33.00,47.00,0,0.010000,9,0
1296,20,39.00,41.00,0,0.010000,9,0
1297,20,-115.00,-125.00,0,0.010000,15,12
1298,20,-130.00,-110.00,0,0.010000,16,11
1299,20,-110.00,-130.00,0,0.010000,16,11
1300,20,24.00,-27.00,0,0.010000,10,3
1301,20,-125.00,-115.00,0,0.010000,17,12
1302,20,20.00,20.00,0,0.010000,9,0
1303,20,20.00,20.00,0,0.010000,9,0
1304,20,20.00,20.00,0,0.010000,9,0
1305,20,10.00,10.00,0,0.010000,10,2
1306,20,31.00,49.00,0,0.010000,9,0
1307,20,41.00,39.00,0,0.010000,9,0
1308,20,39.00,-20.00,0,0.010000,10,1
1309,20,-105.00,-135.00,0,0.010000,15,12
1310,20,-120.00,-120.00,0,0.010000,16,12
1311,20,-35.00,-25.00,0,0.010000,10,2
1312,20,-120.00,-120.00,0,0.010000,16,12
1313,20,-20.00,10.00,0,0.010000,10,1
1314,20,20.00,20.00,0,0.010000,9,0
1315,20,20.00,20.00,0,0.010000,9,0
1316,20,-115.00,-125.00,0,0.010000,17,12
1317,20,31.00,49.00,0,0.010000,9,0
1318,20,29.00,29.00,0,0.010000,10,2
1319,20,39.00,41.00,0,0.010000,9,0
1320,20,-120.00,-120.00,0,0.010000,16,12
1321,20,-130.00,-110.00,0,0.010000,16,13
1322,20,-20.00,0.00,0,0.010000,10,0
1323,20,-100.00,-140.00,0,0.010000,16,12
1324,20,20.00,20.00,0,0.010000,9,0
1325,20,20.00,20.00,0,0.010000,9,0
1326,20,20.00,20.00,0,0.010000,9,0
1327,20,-125.00,-115.00,0,0.010000,17,11
1328,20,31.00,49.00,0,0.010000,9,0
1329,20,41.00,39.00,0,0.010000,9,0
1330,20,20.00,20.00,0,0.010000,9,0
1331,20,-130.00,-110.00,0,0.010000,16,11
1332,20,-110.00,-130.00,0,0.010000,16,12
1333,20,-10.00,-10.00,0,0.010000,10,0
1334,20,-130.00,-110.00,0,0.010000,16,13
1335,20,20.00,20.00,0,0.010000,9,0
1336,20,20.00,20.00,0,0.010000,9,0
1337,20,20.00,20.00,0,0.010000,9,0
1338,20,-60.00,20.00,0,0.010000,10,0
1339,20,31.00,49.00,0,0.010000,9,0
1340,20,41.00,39.00,0,0.010000,9,0
1341,20,-18.00,-2.00,0,0.010000,10,0
1342,20,-110.00,-130.00,0,0.010000,16,12
1343,20,-125.00,-115.00,0,0.010000,17,11
1344,20,-20.00,-20.00,0,0.010000,10,0
1345,20,-130.00,-110.00,0,0.010000,16,10
1346,20,20.00,20.00,0,0.010000,9,0
1347,20,20.00,20.00,0,0.010000,9,0
1348,20,20.00,20.00,0,0.010000,9,0
1349,0,0.00,0.00,1,0.010000,0,0
1350,20,31.00,49.00,0,0.010000,9,0
1351,20,39.00,41.00,0,0.010000,9,0
1352,20,-125.00,-115.00,0,0.010000,15,13
1353,20,-115.00,-125.00,0,0.010000,17,11
1354,20,-115.00,-125.00,0,0.010000,15,11
1355,20,-120.00,-120.00,0,0.010000,16,12
1356,20,-120.00,-120.00,0,0.010000,16,12
1357,20,20.00,20.00,0,0.010000,9,0
1358,20,20.00,20.00,0,0.010000,9,0
1359,20,20.00,20.00,0,0.010000,9,0
1360,20,-110.00,-130.00,0,0.010000,16,12
1361,20,31.00,49.00,0,0.010000,9,0
1362,20,41.00,39.00,0,0.010000,9,0
1363,20,33.00,47.00,0,0.010000,9,0
1364,20,-115.00,-125.00,0,0.010000,17,11
1365,20,-120.00,-120.00,0,0.010000,16,13
1366,20,-105.00,-135.00,0,0.010000,15,12
1367,20,-125.00,-115.00,0,0.010000,17,13
1368,20,20.00,20.00,0,0.010000,9,0
1369,20,20.00,20.00,0,0.010000,9,0
1370,20,20.00,20.00,0,0.010000,9,0
1371,20,-120.00,-120.00,0,0.010000,16,12
1372,20,31.00,49.00,0,0.010000,9,0
1373,20,41.00,39.00,0,0.010000,9,0
1374,2,54.00,49.00,1,0.010000,0,0
1375,20,-130.00,-110.00,0,0.010000,16,12
1376,20,-115.00,-125.00,0,0.010000,17,11
1377,1,4.00,50.00,1,0.010000,0,0
1378,20,-125.00,-115.00,0,0.010000,15,12
1379,20,20.00,20.00,0,0.010000,9,0
1380,20,20.00,20.00,0,0.010000,9,0
1381,20,20.00,20.00,0,0.010000,9,0
1382,2,54.00,49.00,1,0.010000,0,0
1383,20,31.00,49.00,0,0.010000,9,0
1384,20,41.00,39.00,0,0.010000,9,0
1385,20,15.00,-25.00,0,0.010000,9,1
1386,20,-125.00,-115.00,0,0.010000,15,14
1387,20,-130.00,-110.00,0,0.010000,16,12
1388,20,-125.00,-115.00,0,0.010000,17,11
1389,20,-110.00,-130.00,0,0.010000,16,12
1390,20,20.00,20.00,0,0.010000,9,0
1391,20,20.00,20.00,0,0.010000,9,0
1392,20,20.00,20.00,0,0.010000,9,0
1393,2,49.00,54.00,1,0.010000,0,0
1394,20,31.00,49.00,0,0.010000,9,0
1395,20,39.00,41.00,0,0.010000,9,0
1396,20,-120.00,-120.00,0,0.010000,16,11
1397,20,-120.00,-120.00,0,0.010000,16,11
1398,20,-120.00,-120.00,0,0.010000,16,12
1399,20,-20.00,-20.00,0,0.010000,10,0
1400,20,-130.00,-110.00,0,0.010000,16,13
1401,20,-20.00,10.00,0,0.010000,10,1
1402,20,20.00,20.00,0,0.010000,9,0
1403,20,20.00,20.00,0,0.010000,9,0
1404,2,49.00,54.00,1,0.010000,0,0
1405,20,26.00,-7.00,0,0.010000,9,1
1406,20,41.00,39.00,0,0.010000,9,0
1407,0,0.00,0.00,1,0.010000,0,0
1408,20,-115.00,-125.00,0,0.010000,17,11
1409,20,-120.00,-120.00,0,0.010000,16,12
1410,1,50.00,4.00,1,0.010000,0,0
1411,20,-110.00,-130.00,0,0.010000,16,12
1412,20,20.00,20.00,0,0.010000,9,0
1413,20,20.00,20.00,0,0.010000,9,0
1414,20,20.00,20.00,0,0.010000,9,0
1415,20,-65.00,-25.00,0,0.010000,10,1
1416,20,31.00,49.00,0,0.010000,9,0
1417,20,41.00,39.00,0,0.010000,9,0
1418,2,54.00,49.00,1,0.010000,0,0
1419,20,-120.00,-120.00,0,0.010000,16,13
1420,20,-115.00,-125.00,0,0.010000,15,13
1421,20,-115.00,-125.00,0,0.010000,15,12
1422,20,-125.00,-115.00,0,0.010000,17,11
1423,20,20.00,20.00,0,0.010000,9,0
1424,20,20.00,20.00,0,0.010000,9,0
1425,20,20.00,20.00,0,0.010000,9,0
1426,20,-120.00,-120.00,0,0.010000,16,12
1427,20,31.00,49.00,0,0.010000,9,0
1428,20,39.00,41.00,0,0.010000,9,0
1429,20,-110.00,-130.00,0,0.010000,16,13
1430,20,-125.00,-115.00,0,0.010000,15,12
1431,20,-125.00,-115.00,0,0.010000,17,11
1432,20,-115.00,-125.00,0,0.010000,15,13
1433,20,-120.00,-120.00,0,0.010000,16,12
1434,20,-30.00,20.00,0,0.010000,10,1
1435,20,20.00,20.00,0,0.010000,9,0
1436,20,20.00,20.00,0,0.010000,9,0
1437,20,20.00,20.00,0,0.010000,9,0
1438,20,33.00,47.00,0,0.010000,9,0
1439,20,41.00,39.00,0,0.010000,9,0
1440,20,20.00,20.00,0,0.010000,9,0
1441,20,-125.00,-115.00,0,0.010000,17,11
1442,20,-120.00,-120.00,0,0.010000,16,11
1443,20,-115.00,-125.00,0,0.010000,15,13
1444,20,-120.00,-120.00,0,0.010000,16,12
1445,20,20.00,20.00,0,0.010000,9,0
1446,20,20.00,20.00,0,0.010000,9,0
1447,20,20.00,20.00,0,0.010000,9,0
1448,20,-130.00,-110.00,0,0.010000,16,12
1449,20,31.00,49.00,0,0.010000,9,0
1450,20,41.00,39.00,0,0.010000,9,0
1451,2,54.00,49.00,1,0.010000,0,0
1452,20,-110.00,-130.00,0,0.010000,16,11
1453,20,-120.00,-120.00,0,0.010000,16,12
1454,20,-10.00,-10.00,0,0.010000,10,0
1455,20,-110.00,-130.00,0,0.010000,16,11
1456,20,20.00,20.00,0,0.010000,9,0
1457,20,10.00,-20.00,0,0.010000,10,1
1458,20,20.00,20.00,0,0.010000,9,0
1459,0,0.00,0.00,1,0.010000,0,0
1460,20,31.00,49.00,0,0.010000,9,0
1461,20,41.00,39.00,0,0.010000,9,0
1462,20,-20.00,-22.00,0,0.010000,9,2
1463,20,-120.00,-120.00,0,0.010000,16,12
1464,20,-120.00,-120.00,0,0.010000,16,12
1465,20,20.00,20.00,0,0.010000,9,0
1466,20,-120.00,-120.00,0,0.010000,16,12
1467,20,20.00,20.00,0,0.010000,9,0
1468,20,20.00,20.00,0,0.010000,9,0
1469,20,20.00,20.00,0,0.010000,9,0
1470,20,-130.00,-110.00,0,0.010000,16,12
1471,20,31.00,49.00,0,0.010000,9,0
1472,20,39.00,41.00,0,0.010000,9,0
1473,1,4.00,50.00,1,0.010000,0,0
1474,20,-130.00,-110.00,0,0.010000,16,12
1475,20,-130.00,-110.00,0,0.010000,16,12
1476,20,-20.00,0.00,0,0.010000,10,0
1477,20,-130.00,-110.00,0,0.010000,16,12
1478,20,20.00,20.00,0,0.010000,9,0
1479,20,20.00,20.00,0,0.010000,9,0
1480,20,20.00,20.00,0,0.010000,9,0
1481,20,-120.00,-120.00,0,0.010000,16,12
1482,20,31.00,49.00,0,0.010000,9,0
1483,20,41.00,39.00,0,0.010000,9,0
1484,20,-71.00,29.00,0,0.010000,11,2
1485,20,-125.00,-115.00,0,0.010000,15,13
1486,20,-110.00,-130.00,0,0.010000,16,12
1487,20,31.00,-51.00,0,0.010000,10,0
1488,20,-110.00,-130.00,0,0.010000,16,11
1489,20,20.00,20.00,0,0.010000,9,0
1490,20,20.00,20.00,0,0.010000,9,0
1491,20,20.00,20.00,0,0.010000,9,0
1492,20,-130.00,-110.00,0,0.010000,16,12
1493,20,21.00,-2.00,0,0.010000,10,1
1494,20,41.00,39.00,0,0.010000,9,0
1495,20,20.00,-60.00,0,0.010000,10,0
1496,20,-115.00,-125.00,0,0.010000,17,11
1497,20,-115.00,-125.00,0,0.010000,17,12
1498,20,-125.00,-115.00,0,0.010000,17,11
1499,20,-115.00,-125.00,0,0.010000,17,13
1500,20,20.00,20.00,0,0.010000,9,0
1501,20,20.00,20.00,0,0.010000,9,0
1502,20,20.00,20.00,0,0.010000,9,0
1503,1,4.00,50.00,1,0.010000,0,0
1504,20,31.00,49.00,0,0.010000,9,0
1505,20,29.00,-10.00,0,0.010000,10,1
1506,2,54.00,49.00,1,0.010000,0,0
1507,20,-120.00,-120.00,0,0.010000,16,11
1508,20,-135.00,-105.00,0,0.010000,15,12
1509,20,-20.00,-20.00,0,0.010000,10,0
1510,20,-120.00,-120.00,0,0.010000,16,12
1511,20,20.00,20.00,0,0.010000,9,0
1512,20,20.00,20.00,0,0.010000,9,0
1513,20,-25.00,15.00,0,0.010000,9,1
1514,20,-120.00,-120.00,0,0.010000,16,12
1515,20,31.00,49.00,0,0.010000,9,0
1516,20,41.00,39.00,0,0.010000,9,0
1517,20,-120.00,-120.00,0,0.010000,16,12
1518,20,-120.00,-120.00,0,0.010000,16,12
1519,20,-105.00,-135.00,0,0.010000,17,11
1520,20,-10.00,-10.00,0,0.010000,10,0
1521,20,-115.00,-125.00,0,0.010000,15,12
1522,20,20.00,20.00,0,0.010000,9,0
1523,20,20.00,20.00,0,0.010000,9,0
1524,20,20.00,20.00,0,0.010000,9,0
1525,20,-20.00,0.00,0,0.010000,10,0
1526,20,31.00,49.00,0,0.010000,9,0
1527,20,41.00,39.00,0,0.010000,9,0
1528,20,-20.00,-20.00,0,0.010000,10,0
1529,20,-110.00,-130.00,0,0.010000,16,13
1530,20,-140.00,-100.00,0,0.010000,16,12
1531,20,41.00,39.00,0,0.010000,9,0
1532,20,-130.00,-110.00,0,0.010000,16,12
1533,20,20.00,20.00,0,0.010000,9,0
1534,20,20.00,20.00,0,0.010000,9,0
1535,20,20.00,20.00,0,0.010000,9,0
1536,20,39.00,41.00,0,0.010000,9,0
1537,20,31.00,49.00,0,0.010000,9,0
1538,20,41.00,39.00,0,0.010000,9,0
1539,20,-110.00,-130.00,0,0.010000,16,11
1540,20,-120.00,-120.00,0,0.010000,16,11
1541,20,-115.00,-125.00,0,0.010000,17,11
1542,20,-10.00,-10.00,0,0.010000,10,0
1543,20,-120.00,-120.00,0,0.010000,16,11
1544,20,20.00,20.00,0,0.010000,9,0
1545,20,15.00,-25.00,0,0.010000,9,1
1546,20,20.00,20.00,0,0.010000,9,0
1547,1,4.00,50.00,1,0.010000,0,0
1548,20,31.00,49.00,0,0.010000,9,0
1549,20,-10.00,29.00,0,0.010000,10,1
1550,1,50.00,4.00,1,0.010000,0,0
1551,20,-130.00,-110.00,0,0.010000,16,13
1552,20,-125.00,-115.00,0,0.010000,15,13
1553,20,-20.00,-20.00,0,0.010000,10,0
1554,20,-125.00,-115.00,0,0.010000,17,12
1555,20,20.00,-30.00,0,0.010000,10,1
1556,20,20.00,20.00,0,0.010000,9,0
1557,20,20.00,20.00,0,0.010000,9,0
1558,20,-110.00,-130.00,0,0.010000,16,11
1559,20,31.00,49.00,0,0.010000,9,0
1560,20,41.00,39.00,0,0.010000,9,0
1561,1,50.00,4.00,1,0.010000,0,0
1562,20,-130.00,-110.00,0,0.010000,16,12
1563,20,-110.00,-130.00,0,0.010000,16,12
1564,2,54.00,49.00,1,0.010000,0,0
1565,20,-105.00,-135.00,0,0.010000,15,13
1566,20,-25.00,15.00,0,0.010000,9,1
1567,20,20.00,-30.00,0,0.010000,10,1
1568,20,20.00,20.00,0,0.010000,9,0
1569,3,53.00,-1.00,1,0.010000,1,0
1570,20,31.00,49.00,0,0.010000,9,0
1571,20,39.00,41.00,0,0.010000,9,0
1572,20,41.00,-61.00,0,0.010000,10,0
1573,20,-120.00,-120.00,0,0.010000,16,13
1574,20,-120.00,-120.00,0,0.010000,16,12
1575,20,-27.00,-15.00,0,0.010000,10,2
1576,20,-135.00,-105.00,0,0.010000,17,12
1577,20,20.00,20.00,0,0.010000,9,0
1578,20,20.00,20.00,0,0.010000,9,0
1579,20,20.00,20.00,0,0.010000,9,0
1580,20,10.00,10.00,0,0.010000,10,2
1581,20,26.00,-7.00,0,0.010000,9,1
1582,20,41.00,39.00,0,0.010000,9,0
1583,20,-120.00,-120.00,0,0.010000,16,12
1584,20,-110.00,-130.00,0,0.010000,16,11
1585,20,-125.00,-115.00,0,0.010000,17,11
1586,20,-130.00,-110.00,0,0.010000,16,12
1587,20,-105.00,-135.00,0,0.010000,15,12
1588,20,20.00,20.00,0,0.010000,9,0
1589,20,20.00,20.00,0,0.010000,9,0
1590,20,20.00,20.00,0,0.010000,9,0
1591,1,4.00,50.00,1,0.010000,0,0
1592,20,31.00,49.00,0,0.010000,9,0
1593,20,39.00,41.00,0,0.010000,9,0
1594,20,-130.00,-110.00,0,0.010000,16,11
1595,20,-110.00,-130.00,0,0.010000,16,12
1596,20,-120.00,-120.00,0,0.010000,16,12
1597,20,-60.00,20.00,0,0.010000,10,0
1598,20,-125.00,-115.00,0,0.010000,17,12
1599,20,10.00,-20.00,0,0.010000,10,1
1600,20,20.00,20.00,0,0.010000,9,0
1601,20,-20.00,10.00,0,0.010000,10,1
1602,20,20.00,20.00,0,0.010000,9,0
1603,20,31.00,49.00,0,0.010000,9,0
1604,20,41.00,39.00,0,0.010000,9,0
1605,20,39.00,-20.00,0,0.010000,10,1
1606,20,-115.00,-125.00,0,0.010000,17,11
1607,20,-120.00,-120.00,0,0.010000,16,12
1608,20,-10.00,-10.00,0,0.010000,10,0
1609,20,-120.00,-120.00,0,0.010000,16,12
1610,20,10.00,-20.00,0,0.010000,10,1
1611,20,20.00,20.00,0,0.010000,9,0
1612,20,10.00,-20.00,0,0.010000,10,1
1613,20,-105.00,-135.00,0,0.010000,15,12
1614,20,31.00,49.00,0,0.010000,9,0
1615,20,41.00,39.00,0,0.010000,9,0
1616,1,50.00,4.00,1,0.010000,0,0
1617,20,-125.00,-115.00,0,0.010000,15,13
1618,20,-110.00,-130.00,0,0.010000,16,12
1619,20,-20.00,-20.00,0,0.010000,10,0
1620,20,-125.00,-115.00,0,0.010000,17,11
1621,20,20.00,20.00,0,0.010000,9,0
1622,20,-30.00,20.00,0,0.010000,10,1
1623,20,20.00,20.00,0,0.010000,9,0
1624,1,50.00,4.00,1,0.010000,0,0
1625,20,31.00,49.00,0,0.010000,9,0
1626,20,39.00,41.00,0,0.010000,9,0
1627,1,4.00,50.00,1,0.010000,0,0
1628,20,-125.00,-115.00,0,0.010000,17,11
1629,20,-115.00,-125.00,0,0.010000,15,12
1630,20,-61.00,41.00,0,0.010000,10,0
1631,20,-120.00,-120.00,0,0.010000,16,11
1632,20,20.00,20.00,0,0.010000,9,0
1633,20,20.00,20.00,0,0.010000,9,0
1634,20,20.00,20.00,0,0.010000,9,0
1635,20,-10.00,-10.00,0,0.010000,10,0
1636,20,31.00,49.00,0,0.010000,9,0
1637,20,41.00,39.00,0,0.010000,9,0
1638,3,53.00,-1.00,1,0.010000,1,0
1639,20,-110.00,-130.00,0,0.010000,16,12
1640,20,-130.00,-110.00,0,0.010000,16,12
1641,20,-20.00,-20.00,0,0.010000,10,0
1642,20,-120.00,-120.00,0,0.010000,16,13
1643,20,20.00,20.00,0,0.010000,9,0
1644,20,20.00,20.00,0,0.010000,9,0
1645,20,20.00,20.00,0,0.010000,9,0
1646,2,54.00,49.00,1,0.010000,0,0
1647,20,31.00,49.00,0,0.010000,9,0
1648,20,41.00,39.00,0,0.010000,9,0
1649,0,0.00,0.00,1,0.010000,0,0
1650,20,-130.00,-110.00,0,0.010000,16,12
1651,20,-120.00,-120.00,0,0.010000,16,12
1652,20,-20.00,-20.00,0,0.010000,10,0
1653,20,-130.00,-110.00,0,0.010000,16,11
1654,20,20.00,20.00,0,0.010000,9,0
1655,20,20.00,20.00,0,0.010000,9,0
1656,20,20.00,20.00,0,0.010000,9,0
1657,20,-20.00,-70.00,0,0.010000,11,1
1658,20,31.00,49.00,0,0.010000,9,0
1659,20,41.00,39.00,0,0.010000,9,0
1660,1,50.00,4.00,1,0.010000,0,0
1661,20,-115.00,-125.00,0,0.010000,15,12
1662,20,-125.00,-115.00,0,0.010000,17,12
1663,20,-120.00,-120.00,0,0.010000,16,12
1664,20,-130.00,-110.00,0,0.010000,16,12
1665,20,20.00,20.00,0,0.010000,9,0
1666,20,20.00,20.00,0,0.010000,9,0
1667,20,20.00,20.00,0,0.010000,9,0
1668,20,-115.00,-125.00,0,0.010000,17,12
1669,20,33.00,47.00,0,0.010000,9,0
1670,20,39.00,41.00,0,0.010000,9,0
1671,0,0.00,0.00,1,0.010000,0,0
1672,20,-125.00,-115.00,0,0.010000,15,12
1673,20,-120.00,-120.00,0,0.010000,16,12
1674,1,4.00,50.00,1,0.010000,0,0
1675,20,-100.00,-140.00,0,0.010000,16,12
1676,20,20.00,20.00,0,0.010000,9,0
1677,20,10.00,-20.00,0,0.010000,10,1
1678,20,20.00,20.00,0,0.010000,9,0
1679,20,-10.00,-10.00,0,0.010000,10,0
1680,20,31.00,49.00,0,0.010000,9,0
1681,20,41.00,39.00,0,0.010000,9,0
1682,20,-10.00,-10.00,0,0.010000,10,0
1683,20,-120.00,-120.00,0,0.010000,16,12
1684,20,-115.00,-125.00,0,0.010000,15,12
1685,20,-115.00,-125.00,0,0.010000,17,12
1686,20,-120.00,-120.00,0,0.010000,16,13
1687,20,20.00,20.00,0,0.010000,9,0
1688,20,20.00,20.00,0,0.010000,9,0
1689,20,20.00,20.00,0,0.010000,9,0
1690,20,29.00,29.00,0,0.010000,8,2
1691,20,33.00,47.00,0,0.010000,9,0
1692,20,41.00,39.00,0,0.010000,9,0
1693,20,-20.00,-61.00,0,0.010000,11,1
1694,20,-120.00,-120.00,0,0.010000,16,12
1695,20,-120.00,-120.00,0,0.010000,16,10
1696,20,-10.00,-10.00,0,0.010000,10,0
1697,20,-130.00,-110.00,0,0.010000,16,11
1698,20,20.00,20.00,0,0.010000,9,0
1699,20,20.00,20.00,0,0.010000,9,0
1700,20,20.00,20.00,0,0.010000,9,0
1701,20,31.00,49.00,0,0.010000,9,0
1702,20,21.00,-2.00,0,0.010000,10,1
1703,20,29.00,-10.00,0,0.010000,10,1
1704,20,-115.00,-125.00,0,0.010000,17,11
1705,20,-130.00,-110.00,0,0.010000,16,13
1706,20,-125.00,-115.00,0,0.010000,15,13
1707,20,-120.00,-120.00,0,0.010000,16,12
1708,20,-110.00,-130.00,0,0.010000,16,13
1709,20,20.00,20.00,0,0.010000,9,0
1710,20,20.00,20.00,0,0.010000,9,0
1711,20,20.00,20.00,0,0.010000,9,0
1712,20,41.00,39.00,0,0.010000,9,0
1713,20,31.00,49.00,0,0.010000,9,0
1714,20,41.00,39.00,0,0.010000,9,0
1715,20,-120.00,-120.00,0,0.010000,16,12
1716,20,-120.00,-120.00,0,0.010000,16,12
1717,20,-115.00,-125.00,0,0.010000,17,12
1718,0,0.00,0.00,1,0.010000,0,0
1719,20,-115.00,-125.00,0,0.010000,17,10
1720,20,20.00,20.00,0,0.010000,9,0
1721,20,20.00,20.00,0,0.010000,9,0
1722,20,20.00,20.00,0,0.010000,9,0
1723,20,-140.00,-100.00,0,0.010000,16,12
1724,20,31.00,49.00,0,0.010000,9,0
1725,20,39.00,41.00,0,0.010000,9,0
1726,20,-125.00,-115.00,0,0.010000,15,13
1727,20,-110.00,-130.00,0,0.010000,16,11
1728,20,-120.00,-120.00,0,0.010000,16,12
1729,20,-115.00,-125.00,0,0.010000,15,12
1730,20,-120.00,-120.00,0,0.010000,16,12
1731,20,20.00,20.00,0,0.010000,9,0
1732,20,20.00,20.00,0,0.010000,9,0
1733,20,20.00,20.00,0,0.010000,9,0
1734,20,31.00,-51.00,0,0.010000,10,0
1735,20,21.00,-2.00,0,0.010000,10,1
1736,20,41.00,39.00,0,0.010000,9,0
1737,1,4.00,50.00,1,0.010000,0,0
1738,20,-110.00,-130.00,0,0.010000,16,13
1739,20,-120.00,-120.00,0,0.010000,16,12
1740,20,-20.00,0.00,0,0.010000,10,0
1741,20,-120.00,-120.00,0,0.010000,16,13
1742,20,20.00,20.00,0,0.010000,9,0
1743,20,20.00,20.00,0,0.010000,9,0
1744,20,20.00,20.00,0,0.010000,9,0
1745,20,-130.00,-110.00,0,0.010000,16,12
1746,20,31.00,49.00,0,0.010000,9,0
1747,20,41.00,39.00,0,0.010000,9,0
1748,20,-76.00,-27.00,0,0.010000,11,3
1749,20,-120.00,-120.00,0,0.010000,16,11
1750,20,-115.00,-125.00,0,0.010000,17,11
1751,20,-10.00,-10.00,0,0.010000,10,0
1752,20,-125.00,-115.00,0,0.010000,17,12
1753,20,20.00,20.00,0,0.010000,9,0
1754,20,20.00,20.00,0,0.010000,9,0
1755,20,20.00,20.00,0,0.010000,9,0
1756,1,50.00,4.00,1,0.010000,0,0
1757,20,23.00,-4.00,0,0.010000,10,1
1758,20,41.00,39.00,0,0.010000,9,0
1759,20,-20.00,-20.00,0,0.010000,10,0
1760,20,-130.00,-110.00,0,0.010000,16,13
1761,20,-120.00,-120.00,0,0.010000,16,12
1762,20,-120.00,-120.00,0,0.010000,16,12
1763,20,-120.00,-120.00,0,0.010000,16,12
1764,20,20.00,20.00,0,0.010000,9,0
1765,20,15.00,-25.00,0,0.010000,9,1
1766,20,20.00,20.00,0,0.010000,9,0
1767,20,-20.00,-20.00,0,0.010000,10,0
1768,20,31.00,49.00,0,0.010000,9,0
1769,20,39.00,41.00,0,0.010000,9,0
1770,20,39.00,41.00,0,0.010000,9,0
1771,20,-120.00,-120.00,0,0.010000,16,11
1772,20,-120.00,-120.00,0,0.010000,16,12
1773,20,20.00,20.00,0,0.010000,9,0
1774,20,-120.00,-120.00,0,0.010000,16,11
1775,20,10.00,-20.00,0,0.010000,10,1
1776,20,20.00,20.00,0,0.010000,9,0
1777,20,20.00,20.00,0,0.010000,9,0
1778,1,50.00,4.00,1,0.010000,0,0
1779,20,33.00,47.00,0,0.010000,9,0
1780,20,41.00,39.00,0,0.010000,9,0
1781,1,50.00,4.00,1,0.010000,0,0
1782,20,-120.00,-120.00,0,0.010000,16,12
1783,20,-120.00,-120.00,0,0.010000,16,12
1784,0,0.00,0.00,1,0.010000,0,0
1785,20,-130.00,-110.00,0,0.010000,16,13
1786,20,20.00,20.00,0,0.010000,9,0
1787,20,20.00,20.00,0,0.010000,9,0
1788,20,20.00,20.00,0,0.010000,9,0
1789,20,-60.00,20.00,0,0.010000,10,0
1790,20,31.00,49.00,0,0.010000,9,0
1791,20,41.00,39.00,0,0.010000,9,0
1792,20,-10.00,-10.00,0,0.010000,10,0
1793,20,-120.00,-120.00,0,0.010000,16,12
1794,20,-120.00,-120.00,0,0.010000,16,12
1795,3,53.00,-1.00,1,0.010000,1,0
1796,20,-110.00,-130.00,0,0.010000,16,11
1797,20,20.00,20.00,0,0.010000,9,0
1798,20,20.00,20.00,0,0.010000,9,0
1799,20,20.00,20.00,0,0.010000,9,0
1800,20,41.00,-61.00,0,0.010000,10,0
1801,20,31.00,49.00,0,0.010000,9,0
1802,20,39.00,41.00,0,0.010000,9,0
1803,0,0.00,0.00,1,0.010000,0,0
1804,20,-120.00,-120.00,0,0.010000,16,12
1805,20,-130.00,-110.00,0,0.010000,16,10
1806,20,-120.00,-120.00,0,0.010000,16,13
1807,20,-130.00,-110.00,0,0.010000,16,11
1808,20,20.00,20.00,0,0.010000,9,0
1809,20,20.00,20.00,0,0.010000,9,0
1810,20,20.00,20.00,0,0.010000,9,0
1811,20,-115.00,-125.00,0,0.010000,15,12
1812,20,31.00,49.00,0,0.010000,9,0
1813,20,41.00,39.00,0,0.010000,9,0
1814,20,-120.00,-120.00,0,0.010000,16,12
1815,20,-110.00,-130.00,0,0.010000,16,12
1816,20,-115.00,-125.00,0,0.010000,17,11
1817,20,-10.00,29.00,0,0.010000,10,1
1818,20,-115.00,-125.00,0,0.010000,15,13
1819,20,20.00,20.00,0,0.010000,9,0
1820,20,20.00,-30.00,0,0.010000,10,1
1821,20,20.00,20.00,0,0.010000,9,0
1822,2,54.00,49.00,1,0.010000,0,0
1823,20,31.00,49.00,0,0.010000,9,0
1824,20,41.00,39.00,0,0.010000,9,0
1825,20,-20.00,-20.00,0,0.010000,10,0
1826,20,-120.00,-120.00,0,0.010000,16,12
1827,20,-120.00,-120.00,0,0.010000,16,12
1828,20,-120.00,-120.00,0,0.010000,16,13
1829,20,-115.00,-125.00,0,0.010000,17,12
1830,20,20.00,20.00,0,0.010000,9,0
1831,20,20.00,20.00,0,0.010000,9,0
1832,20,20.00,20.00,0,0.010000,9,0
1833,20,-10.00,-10.00,0,0.010000,10,0
1834,20,31.00,49.00,0,0.010000,9,0
1835,20,41.00,39.00,0,0.010000,9,0
1836,20,20.00,20.00,0,0.010000,9,0
1837,20,-130.00,-110.00,0,0.010000,16,12
1838,20,-120.00,-120.00,0,0.010000,16,12
1839,20,20.00,-60.00,0,0.010000,10,0
1840,20,-120.00,-120.00,0,0.010000,16,12
1841,20,20.00,20.00,0,0.010000,9,0
1842,20,20.00,20.00,0,0.010000,9,0
1843,20,-30.00,20.00,0,0.010000,10,1
1844,20,31.00,-51.00,0,0.010000,10,0
1845,20,31.00,49.00,0,0.010000,9,0
1846,20,39.00,41.00,0,0.010000,9,0
1847,2,54.00,49.00,1,0.010000,0,0
1848,20,-130.00,-110.00,0,0.010000,16,13
1849,20,-120.00,-120.00,0,0.010000,16,12
1850,20,41.00,-61.00,0,0.010000,10,0
1851,20,-120.00,-120.00,0,0.010000,16,12
1852,20,15.00,5.00,0,0.010000,9,2
1853,20,20.00,20.00,0,0.010000,9,0
1854,20,20.00,20.00,0,0.010000,9,0
1855,3,43.00,48.00,1,0.010000,1,1
1856,20,31.00,49.00,0,0.010000,9,0
1857,20,41.00,39.00,0,0.010000,9,0
1858,20,-110.00,-130.00,0,0.010000,16,12
1859,20,-100.00,-140.00,0,0.010000,16,11
1860,20,-130.00,-110.00,0,0.010000,16,12
1861,20,-20.00,-20.00,0,0.010000,10,0
1862,20,-120.00,-120.00,0,0.010000,16,12
1863,20,20.00,20.00,0,0.010000,9,0
1864,20,20.00,20.00,0,0.010000,9,0
1865,20,20.00,20.00,0,0.010000,9,0
1866,20,-20.00,-20.00,0,0.010000,10,0
1867,20,31.00,49.00,0,0.010000,9,0
1868,20,39.00,41.00,0,0.010000,9,0
1869,0,0.00,0.00,1,0.010000,0,0
1870,20,-125.00,-115.00,0,0.010000,15,12
1871,20,-110.00,-130.00,0,0.010000,16,12
1872,20,-20.00,-20.00,0,0.010000,10,0
1873,20,-120.00,-120.00,0,0.010000,16,12
1874,20,20.00,20.00,0,0.010000,9,0
1875,20,20.00,20.00,0,0.010000,9,0
1876,20,20.00,20.00,0,0.010000,9,0
1877,20,20.00,20.00,0,0.010000,9,0
1878,20,31.00,49.00,0,0.010000,9,0
1879,20,41.00,39.00,0,0.010000,9,0
1880,20,-20.00,0.00,0,0.010000,10,0
1881,20,-125.00,-115.00,0,0.010000,17,11
1882,20,-120.00,-120.00,0,0.010000,16,12
1883,0,0.00,0.00,1,0.010000,0,0
1884,20,-120.00,-120.00,0,0.010000,16,11
1885,20,20.00,20.00,0,0.010000,9,0
1886,20,20.00,20.00,0,0.010000,9,0
1887,20,20.00,20.00,0,0.010000,9,0
1888,2,54.00,49.00,1,0.010000,0,0
1889,20,31.00,49.00,0,0.010000,9,0
1890,20,41.00,39.00,0,0.010000,9,0
1891,20,-20.00,0.00,0,0.010000,10,0
1892,20,-110.00,-130.00,0,0.010000,16,13
1893,20,-120.00,-120.00,0,0.010000,16,12
1894,20,-10.00,-10.00,0,0.010000,10,0
1895,20,-105.00,-135.00,0,0.010000,17,12
1896,20,20.00,20.00,0,0.010000,9,0
1897,20,20.00,20.00,0,0.010000,9,0
1898,20,20.00,20.00,0,0.010000,9,0
1899,20,39.00,41.00,0,0.010000,9,0
1900,20,31.00,49.00,0,0.010000,9,0
1901,20,39.00,41.00,0,0.010000,9,0
1902,0,0.00,0.00,1,0.010000,0,0
1903,20,-120.00,-120.00,0,0.010000,16,12
1904,20,-120.00,-120.00,0,0.010000,16,12
1905,20,-20.00,-20.00,0,0.010000,10,0
1906,20,-125.00,-115.00,0,0.010000,15,12
1907,20,20.00,20.00,0,0.010000,9,0
1908,20,20.00,20.00,0,0.010000,9,0
1909,20,-25.00,15.00,0,0.010000,9,1
1910,20,-20.00,0.00,0,0.010000,10,0
1911,20,31.00,49.00,0,0.010000,9,0
1912,20,41.00,39.00,0,0.010000,9,0
1913,1,50.00,4.00,1,0.010000,0,0
1914,20,-135.00,-105.00,0,0.010000,17,11
1915,20,-120.00,-120.00,0,0.010000,16,12
1916,2,54.00,49.00,1,0.010000,0,0
1917,20,-125.00,-115.00,0,0.010000,17,12
1918,20,20.00,20.00,0,0.010000,9,0
1919,20,20.00,20.00,0,0.010000,9,0
1920,20,20.00,-30.00,0,0.010000,10,1
1921,20,31.00,49.00,0,0.010000,9,0
1922,20,31.00,49.00,0,0.010000,9,0
1923,20,41.00,39.00,0,0.010000,9,0
1924,1,4.00,50.00,1,0.010000,0,0
1925,20,-110.00,-130.00,0,0.010000,16,11
1926,20,-120.00,-120.00,0,0.010000,16,12
1927,20,-25.00,-65.00,0,0.010000,10,1
1928,20,-120.00,-120.00,0,0.010000,16,12
1929,20,20.00,20.00,0,0.010000,9,0
1930,20,20.00,20.00,0,0.010000,9,0
1931,20,-30.00,20.00,0,0.010000,10,1
1932,20,-10.00,-10.00,0,0.010000,10,0
1933,20,31.00,49.00,0,0.010000,9,0
1934,20,41.00,39.00,0,0.010000,9,0
1935,20,-20.00,-20.00,0,0.010000,10,0
1936,20,-120.00,-120.00,0,0.010000,16,13
1937,20,-120.00,-120.00,0,0.010000,16,12
1938,20,29.00,-10.00,0,0.010000,10,1
1939,20,-120.00,-120.00,0,0.010000,16,11
1940,20,-30.00,20.00,0,0.010000,10,1
1941,20,20.00,20.00,0,0.010000,9,0
1942,20,20.00,20.00,0,0.010000,9,0
1943,20,20.00,20.00,0,0.010000,9,0
1944,20,31.00,49.00,0,0.010000,9,0
1945,20,39.00,41.00,0,0.010000,9,0
1946,20,-60.00,20.00,0,0.010000,10,0
1947,20,-120.00,-120.00,0,0.010000,16,11
1948,20,-120.00,-120.00,0,0.010000,16,12
1949,0,0.00,0.00,1,0.010000,0,0
1950,20,-120.00,-120.00,0,0.010000,16,12
1951,20,20.00,20.00,0,0.010000,9,0
1952,20,20.00,20.00,0,0.010000,9,0
1953,20,20.00,20.00,0,0.010000,9,0
1954,2,49.00,54.00,1,0.010000,0,0
1955,20,31.00,49.00,0,0.010000,9,0
1956,20,41.00,39.00,0,0.010000,9,0
1957,20,-60.00,20.00,0,0.010000,10,0
1958,20,-125.00,-115.00,0,0.010000,17,11
1959,20,-120.00,-120.00,0,0.010000,16,12
1960,20,5.00,-35.00,0,0.010000,10,3
1961,20,-115.00,-125.00,0,0.010000,15,12
1962,20,20.00,20.00,0,0.010000,9,0
1963,20,10.00,-20.00,0,0.010000,10,1
1964,20,20.00,20.00,0,0.010000,9,0
1965,1,50.00,4.00,1,0.010000,0,0
1966,20,31.00,49.00,0,0.010000,9,0
1967,20,-10.00,29.00,0,0.010000,10,1
1968,20,-130.00,-110.00,0,0.010000,16,13
1969,20,-125.00,-115.00,0,0.010000,15,13
1970,20,-130.00,-110.00,0,0.010000,16,10
1971,2,54.00,49.00,1,0.010000,0,0
1972,20,-120.00,-120.00,0,0.010000,16,12
1973,20,20.00,20.00,0,0.010000,9,0
1974,20,20.00,20.00,0,0.010000,9,0
1975,20,20.00,20.00,0,0.010000,9,0
1976,20,20.00,-60.00,0,0.010000,10,0
1977,20,31.00,49.00,0,0.010000,9,0
1978,20,41.00,39.00,0,0.010000,9,0
1979,20,-60.00,20.00,0,0.010000,10,0
1980,20,-110.00,-130.00,0,0.010000,16,12
1981,20,-105.00,-135.00,0,0.010000,17,13
1982,20,20.00,20.00,0,0.010000,9,0
1983,20,-120.00,-120.00,0,0.010000,16,12
1984,20,20.00,20.00,0,0.010000,9,0
1985,20,20.00,20.00,0,0.010000,9,0
1986,20,20.00,20.00,0,0.010000,9,0
1987,20,-20.00,-20.00,0,0.010000,10,0
1988,20,31.00,49.00,0,0.010000,9,0
1989,20,39.00,41.00,0,0.010000,9,0
1990,20,-59.00,39.00,0,0.010000,10,0
1991,20,-120.00,-120.00,0,0.010000,16,12
1992,20,-125.00,-115.00,0,0.010000,15,11
1993,1,4.00,50.00,1,0.010000,0,0
1994,20,-125.00,-115.00,0,0.010000,15,14
1995,20,20.00,20.00,0,0.010000,9,0
1996,20,20.00,20.00,0,0.010000,9,0
1997,20,20.00,20.00,0,0.010000,9,0
1998,20,-20.00,-20.00,0,0.010000,10,0
1999,20,31.00,49.00,0,0.010000,9,0

# Summary
# FirstGoalEpisode,2
# TotalGoalCount,118
# GoalRate_last100,0.09
